"Accession","Type","Family","Token","TokenRole","SourceField","EventDefinition","TimeOrigin","CensoringRule","CompetingEvents","Derived","PoolingClass","Evidence","Note"
"GSE14814","Lung Cancer","OS","OS","primary","OS_status + OS_time","Unknown","Unknown","Unknown","Unknown","no","Exact-equivalent","data/dataset_info.csv; data/processed/surv/GSE14814_surv.rds (columns OS_status, OS_time)",""
"GSE14814","Lung Cancer","DSS","DSS","contributing","DSS_status + DSS_time","Unknown","Unknown","Unknown","Unknown","no","Exact-equivalent","data/dataset_info.csv; data/processed/surv/GSE14814_surv.rds (columns DSS_status, DSS_time)",""
"GSE14814","Lung Cancer","DFS","not stated","not stated","not stated","Unknown","Unknown","Unknown","Unknown","not stated","Absent","data/dataset_info.csv","no DFS endpoint annotated for this cohort (EP_DFS is NA in the catalog)"
"GSE14814","Lung Cancer","PFS","not stated","not stated","not stated","Unknown","Unknown","Unknown","Unknown","not stated","Absent","data/dataset_info.csv","no PFS endpoint annotated for this cohort (EP_PFS is NA in the catalog)"
"GSE14814","Lung Cancer","MFS","not stated","not stated","not stated","Unknown","Unknown","Unknown","Unknown","not stated","Absent","data/dataset_info.csv","no MFS endpoint annotated for this cohort (EP_MFS is NA in the catalog)"
"GSE8894","Lung Cancer","OS","not stated","not stated","not stated","Unknown","Unknown","Unknown","Unknown","not stated","Absent","data/dataset_info.csv","no OS endpoint annotated for this cohort (EP_OS is NA in the catalog)"
"GSE8894","Lung Cancer","DSS","not stated","not stated","not stated","Unknown","Unknown","Unknown","Unknown","not stated","Absent","data/dataset_info.csv","no DSS endpoint annotated for this cohort (EP_DSS is NA in the catalog)"
"GSE8894","Lung Cancer","DFS","RFS","primary","RFS_status + RFS_time","Unknown","Unknown","Unknown","Unknown","no","Clinically-related","data/dataset_info.csv; data/processed/surv/GSE8894_surv.rds (columns RFS_status, RFS_time)",""
"GSE8894","Lung Cancer","PFS","not stated","not stated","not stated","Unknown","Unknown","Unknown","Unknown","not stated","Absent","data/dataset_info.csv","no PFS endpoint annotated for this cohort (EP_PFS is NA in the catalog)"
"GSE8894","Lung Cancer","MFS","not stated","not stated","not stated","Unknown","Unknown","Unknown","Unknown","not stated","Absent","data/dataset_info.csv","no MFS endpoint annotated for this cohort (EP_MFS is NA in the catalog)"
"GSE31210","Lung Cancer","OS","OS","primary","OS_status + OS_time","Unknown","Unknown","Unknown","Unknown","no","Exact-equivalent","data/dataset_info.csv; data/processed/surv/GSE31210_surv.rds (columns OS_status, OS_time)",""
"GSE31210","Lung Cancer","DSS","not stated","not stated","not stated","Unknown","Unknown","Unknown","Unknown","not stated","Absent","data/dataset_info.csv","no DSS endpoint annotated for this cohort (EP_DSS is NA in the catalog)"
"GSE31210","Lung Cancer","DFS","RFS","contributing","RFS_status + RFS_time","Unknown","Unknown","Unknown","Unknown","no","Clinically-related","data/dataset_info.csv; data/processed/surv/GSE31210_surv.rds (columns RFS_status, RFS_time)",""
"GSE31210","Lung Cancer","PFS","not stated","not stated","not stated","Unknown","Unknown","Unknown","Unknown","not stated","Absent","data/dataset_info.csv","no PFS endpoint annotated for this cohort (EP_PFS is NA in the catalog)"
"GSE31210","Lung Cancer","MFS","not stated","not stated","not stated","Unknown","Unknown","Unknown","Unknown","not stated","Absent","data/dataset_info.csv","no MFS endpoint annotated for this cohort (EP_MFS is NA in the catalog)"
"GSE13213","Lung Cancer","OS","OS","primary","OS_status + OS_time","Unknown","Unknown","Unknown","Unknown","no","Exact-equivalent","data/dataset_info.csv; data/processed/surv/GSE13213_surv.rds (columns OS_status, OS_time)",""
"GSE13213","Lung Cancer","DSS","not stated","not stated","not stated","Unknown","Unknown","Unknown","Unknown","not stated","Absent","data/dataset_info.csv","no DSS endpoint annotated for this cohort (EP_DSS is NA in the catalog)"
"GSE13213","Lung Cancer","DFS","not stated","not stated","not stated","Unknown","Unknown","Unknown","Unknown","not stated","Absent","data/dataset_info.csv","no DFS endpoint annotated for this cohort (EP_DFS is NA in the catalog)"
"GSE13213","Lung Cancer","PFS","not stated","not stated","not stated","Unknown","Unknown","Unknown","Unknown","not stated","Absent","data/dataset_info.csv","no PFS endpoint annotated for this cohort (EP_PFS is NA in the catalog)"
"GSE13213","Lung Cancer","MFS","not stated","not stated","not stated","Unknown","Unknown","Unknown","Unknown","not stated","Absent","data/dataset_info.csv","no MFS endpoint annotated for this cohort (EP_MFS is NA in the catalog)"
"GSE37745","Lung Cancer","OS","OS","primary","OS_status + OS_time","Unknown","Unknown","Unknown","Unknown","no","Exact-equivalent","data/dataset_info.csv; data/processed/surv/GSE37745_surv.rds (columns OS_status, OS_time)",""
"GSE37745","Lung Cancer","DSS","not stated","not stated","not stated","Unknown","Unknown","Unknown","Unknown","not stated","Absent","data/dataset_info.csv","no DSS endpoint annotated for this cohort (EP_DSS is NA in the catalog)"
"GSE37745","Lung Cancer","DFS","RFS","contributing","RFS_status + RFS_time","Unknown","Unknown","Unknown","Unknown","no","Clinically-related","data/dataset_info.csv; data/processed/surv/GSE37745_surv.rds (columns RFS_status, RFS_time)",""
"GSE37745","Lung Cancer","PFS","not stated","not stated","not stated","Unknown","Unknown","Unknown","Unknown","not stated","Absent","data/dataset_info.csv","no PFS endpoint annotated for this cohort (EP_PFS is NA in the catalog)"
"GSE37745","Lung Cancer","MFS","not stated","not stated","not stated","Unknown","Unknown","Unknown","Unknown","not stated","Absent","data/dataset_info.csv","no MFS endpoint annotated for this cohort (EP_MFS is NA in the catalog)"
"GSE17710","Lung Cancer","OS","OS","primary","OS_status + OS_time","Unknown","Unknown","Unknown","Unknown","no","Exact-equivalent","data/dataset_info.csv; data/processed/surv/GSE17710_surv.rds (columns OS_status, OS_time)",""
"GSE17710","Lung Cancer","DSS","not stated","not stated","not stated","Unknown","Unknown","Unknown","Unknown","not stated","Absent","data/dataset_info.csv","no DSS endpoint annotated for this cohort (EP_DSS is NA in the catalog)"
"GSE17710","Lung Cancer","DFS","RFS","contributing","RFS_status + RFS_time","Unknown","Unknown","Unknown","Unknown","no","Clinically-related","data/dataset_info.csv; data/processed/surv/GSE17710_surv.rds (columns RFS_status, RFS_time)",""
"GSE17710","Lung Cancer","PFS","not stated","not stated","not stated","Unknown","Unknown","Unknown","Unknown","not stated","Absent","data/dataset_info.csv","no PFS endpoint annotated for this cohort (EP_PFS is NA in the catalog)"
"GSE17710","Lung Cancer","MFS","not stated","not stated","not stated","Unknown","Unknown","Unknown","Unknown","not stated","Absent","data/dataset_info.csv","no MFS endpoint annotated for this cohort (EP_MFS is NA in the catalog)"
"GSE3141","Lung Cancer","OS","OS","primary","OS_status + OS_time","Unknown","Unknown","Unknown","Unknown","no","Exact-equivalent","data/dataset_info.csv; data/processed/surv/GSE3141_surv.rds (columns OS_status, OS_time)",""
"GSE3141","Lung Cancer","DSS","not stated","not stated","not stated","Unknown","Unknown","Unknown","Unknown","not stated","Absent","data/dataset_info.csv","no DSS endpoint annotated for this cohort (EP_DSS is NA in the catalog)"
"GSE3141","Lung Cancer","DFS","not stated","not stated","not stated","Unknown","Unknown","Unknown","Unknown","not stated","Absent","data/dataset_info.csv","no DFS endpoint annotated for this cohort (EP_DFS is NA in the catalog)"
"GSE3141","Lung Cancer","PFS","not stated","not stated","not stated","Unknown","Unknown","Unknown","Unknown","not stated","Absent","data/dataset_info.csv","no PFS endpoint annotated for this cohort (EP_PFS is NA in the catalog)"
"GSE3141","Lung Cancer","MFS","not stated","not stated","not stated","Unknown","Unknown","Unknown","Unknown","not stated","Absent","data/dataset_info.csv","no MFS endpoint annotated for this cohort (EP_MFS is NA in the catalog)"
"GSE30219","Lung Cancer","OS","OS","primary","OS_status + OS_time","Unknown","Unknown","Unknown","Unknown","no","Exact-equivalent","data/dataset_info.csv; data/processed/surv/GSE30219_surv.rds (columns OS_status, OS_time)",""
"GSE30219","Lung Cancer","DSS","not stated","not stated","not stated","Unknown","Unknown","Unknown","Unknown","not stated","Absent","data/dataset_info.csv","no DSS endpoint annotated for this cohort (EP_DSS is NA in the catalog)"
"GSE30219","Lung Cancer","DFS","RFS","contributing","RFS_status + RFS_time","Unknown","Unknown","Unknown","Unknown","no","Clinically-related","data/dataset_info.csv; data/processed/surv/GSE30219_surv.rds (columns RFS_status, RFS_time)",""
"GSE30219","Lung Cancer","PFS","not stated","not stated","not stated","Unknown","Unknown","Unknown","Unknown","not stated","Absent","data/dataset_info.csv","no PFS endpoint annotated for this cohort (EP_PFS is NA in the catalog)"
"GSE30219","Lung Cancer","MFS","not stated","not stated","not stated","Unknown","Unknown","Unknown","Unknown","not stated","Absent","data/dataset_info.csv","no MFS endpoint annotated for this cohort (EP_MFS is NA in the catalog)"
"GSE11969","Lung Cancer","OS","OS","primary","OS_status + OS_time","Unknown","Unknown","Unknown","Unknown","no","Exact-equivalent","data/dataset_info.csv; data/processed/surv/GSE11969_surv.rds (columns OS_status, OS_time)",""
"GSE11969","Lung Cancer","DSS","not stated","not stated","not stated","Unknown","Unknown","Unknown","Unknown","not stated","Absent","data/dataset_info.csv","no DSS endpoint annotated for this cohort (EP_DSS is NA in the catalog)"
"GSE11969","Lung Cancer","DFS","not stated","not stated","not stated","Unknown","Unknown","Unknown","Unknown","not stated","Absent","data/dataset_info.csv","no DFS endpoint annotated for this cohort (EP_DFS is NA in the catalog)"
"GSE11969","Lung Cancer","PFS","not stated","not stated","not stated","Unknown","Unknown","Unknown","Unknown","not stated","Absent","data/dataset_info.csv","no PFS endpoint annotated for this cohort (EP_PFS is NA in the catalog)"
"GSE11969","Lung Cancer","MFS","not stated","not stated","not stated","Unknown","Unknown","Unknown","Unknown","not stated","Absent","data/dataset_info.csv","no MFS endpoint annotated for this cohort (EP_MFS is NA in the catalog)"
"GSE41271","Lung Cancer","OS","OS","primary","OS_status + OS_time","Unknown","Unknown","Unknown","Unknown","no","Exact-equivalent","data/dataset_info.csv; data/processed/surv/GSE41271_surv.rds (columns OS_status, OS_time)",""
"GSE41271","Lung Cancer","DSS","not stated","not stated","not stated","Unknown","Unknown","Unknown","Unknown","not stated","Absent","data/dataset_info.csv","no DSS endpoint annotated for this cohort (EP_DSS is NA in the catalog)"
"GSE41271","Lung Cancer","DFS","RFS","contributing","RFS_status + RFS_time","Unknown","Unknown","Unknown","Unknown","no","Clinically-related","data/dataset_info.csv; data/processed/surv/GSE41271_surv.rds (columns RFS_status, RFS_time)",""
"GSE41271","Lung Cancer","PFS","not stated","not stated","not stated","Unknown","Unknown","Unknown","Unknown","not stated","Absent","data/dataset_info.csv","no PFS endpoint annotated for this cohort (EP_PFS is NA in the catalog)"
"GSE41271","Lung Cancer","MFS","not stated","not stated","not stated","Unknown","Unknown","Unknown","Unknown","not stated","Absent","data/dataset_info.csv","no MFS endpoint annotated for this cohort (EP_MFS is NA in the catalog)"
"GSE61676","Lung Cancer","OS","OS","primary","OS_status + OS_time","Unknown","Unknown","Unknown","Unknown","no","Exact-equivalent","data/dataset_info.csv; data/processed/surv/GSE61676_surv.rds (columns OS_status, OS_time)",""
"GSE61676","Lung Cancer","DSS","not stated","not stated","not stated","Unknown","Unknown","Unknown","Unknown","not stated","Absent","data/dataset_info.csv","no DSS endpoint annotated for this cohort (EP_DSS is NA in the catalog)"
"GSE61676","Lung Cancer","DFS","not stated","not stated","not stated","Unknown","Unknown","Unknown","Unknown","not stated","Absent","data/dataset_info.csv","no DFS endpoint annotated for this cohort (EP_DFS is NA in the catalog)"
"GSE61676","Lung Cancer","PFS","not stated","not stated","not stated","Unknown","Unknown","Unknown","Unknown","not stated","Absent","data/dataset_info.csv","no PFS endpoint annotated for this cohort (EP_PFS is NA in the catalog)"
"GSE61676","Lung Cancer","MFS","not stated","not stated","not stated","Unknown","Unknown","Unknown","Unknown","not stated","Absent","data/dataset_info.csv","no MFS endpoint annotated for this cohort (EP_MFS is NA in the catalog)"
"GSE68465","Lung Cancer","OS","OS","primary","OS_status + OS_time","Unknown","Unknown","Unknown","Unknown","no","Exact-equivalent","data/dataset_info.csv; data/processed/surv/GSE68465_surv.rds (columns OS_status, OS_time)",""
"GSE68465","Lung Cancer","DSS","not stated","not stated","not stated","Unknown","Unknown","Unknown","Unknown","not stated","Absent","data/dataset_info.csv","no DSS endpoint annotated for this cohort (EP_DSS is NA in the catalog)"
"GSE68465","Lung Cancer","DFS","not stated","not stated","not stated","Unknown","Unknown","Unknown","Unknown","not stated","Absent","data/dataset_info.csv","no DFS endpoint annotated for this cohort (EP_DFS is NA in the catalog)"
"GSE68465","Lung Cancer","PFS","PFS","contributing","PFS_status + PFS_time","Unknown","Unknown","Unknown","Unknown","no","Exact-equivalent","data/dataset_info.csv; data/processed/surv/GSE68465_surv.rds (columns PFS_status, PFS_time)",""
"GSE68465","Lung Cancer","MFS","not stated","not stated","not stated","Unknown","Unknown","Unknown","Unknown","not stated","Absent","data/dataset_info.csv","no MFS endpoint annotated for this cohort (EP_MFS is NA in the catalog)"
"GSE74777","Lung Cancer","OS","OS","primary","OS_status + OS_time","Unknown","Unknown","Unknown","Unknown","no","Exact-equivalent","data/dataset_info.csv; data/processed/surv/GSE74777_surv.rds (columns OS_status, OS_time)",""
"GSE74777","Lung Cancer","DSS","not stated","not stated","not stated","Unknown","Unknown","Unknown","Unknown","not stated","Absent","data/dataset_info.csv","no DSS endpoint annotated for this cohort (EP_DSS is NA in the catalog)"
"GSE74777","Lung Cancer","DFS","RFS","contributing","RFS_status + RFS_time","Unknown","Unknown","Unknown","Unknown","no","Clinically-related","data/dataset_info.csv; data/processed/surv/GSE74777_surv.rds (columns RFS_status, RFS_time)",""
"GSE74777","Lung Cancer","PFS","not stated","not stated","not stated","Unknown","Unknown","Unknown","Unknown","not stated","Absent","data/dataset_info.csv","no PFS endpoint annotated for this cohort (EP_PFS is NA in the catalog)"
"GSE74777","Lung Cancer","MFS","not stated","not stated","not stated","Unknown","Unknown","Unknown","Unknown","not stated","Absent","data/dataset_info.csv","no MFS endpoint annotated for this cohort (EP_MFS is NA in the catalog)"
"GSE50081","Lung Cancer","OS","OS","primary","OS_status + OS_time","Unknown","Unknown","Unknown","Unknown","no","Exact-equivalent","data/dataset_info.csv; data/processed/surv/GSE50081_surv.rds (columns OS_status, OS_time)",""
"GSE50081","Lung Cancer","DSS","not stated","not stated","not stated","Unknown","Unknown","Unknown","Unknown","not stated","Absent","data/dataset_info.csv","no DSS endpoint annotated for this cohort (EP_DSS is NA in the catalog)"
"GSE50081","Lung Cancer","DFS","RFS","contributing","RFS_status + RFS_time","Unknown","Unknown","Unknown","Unknown","no","Clinically-related","data/dataset_info.csv; data/processed/surv/GSE50081_surv.rds (columns RFS_status, RFS_time)",""
"GSE50081","Lung Cancer","PFS","not stated","not stated","not stated","Unknown","Unknown","Unknown","Unknown","not stated","Absent","data/dataset_info.csv","no PFS endpoint annotated for this cohort (EP_PFS is NA in the catalog)"
"GSE50081","Lung Cancer","MFS","not stated","not stated","not stated","Unknown","Unknown","Unknown","Unknown","not stated","Absent","data/dataset_info.csv","no MFS endpoint annotated for this cohort (EP_MFS is NA in the catalog)"
"GSE4573","Lung Cancer","OS","OS","primary","OS_status + OS_time","Unknown","Unknown","Unknown","Unknown","no","Exact-equivalent","data/dataset_info.csv; data/processed/surv/GSE4573_surv.rds (columns OS_status, OS_time)",""
"GSE4573","Lung Cancer","DSS","not stated","not stated","not stated","Unknown","Unknown","Unknown","Unknown","not stated","Absent","data/dataset_info.csv","no DSS endpoint annotated for this cohort (EP_DSS is NA in the catalog)"
"GSE4573","Lung Cancer","DFS","not stated","not stated","not stated","Unknown","Unknown","Unknown","Unknown","not stated","Absent","data/dataset_info.csv","no DFS endpoint annotated for this cohort (EP_DFS is NA in the catalog)"
"GSE4573","Lung Cancer","PFS","not stated","not stated","not stated","Unknown","Unknown","Unknown","Unknown","not stated","Absent","data/dataset_info.csv","no PFS endpoint annotated for this cohort (EP_PFS is NA in the catalog)"
"GSE4573","Lung Cancer","MFS","not stated","not stated","not stated","Unknown","Unknown","Unknown","Unknown","not stated","Absent","data/dataset_info.csv","no MFS endpoint annotated for this cohort (EP_MFS is NA in the catalog)"
"GSE42127","Lung Cancer","OS","OS","primary","OS_status + OS_time","Unknown","Unknown","Unknown","Unknown","no","Exact-equivalent","data/dataset_info.csv; data/processed/surv/GSE42127_surv.rds (columns OS_status, OS_time)",""
"GSE42127","Lung Cancer","DSS","not stated","not stated","not stated","Unknown","Unknown","Unknown","Unknown","not stated","Absent","data/dataset_info.csv","no DSS endpoint annotated for this cohort (EP_DSS is NA in the catalog)"
"GSE42127","Lung Cancer","DFS","not stated","not stated","not stated","Unknown","Unknown","Unknown","Unknown","not stated","Absent","data/dataset_info.csv","no DFS endpoint annotated for this cohort (EP_DFS is NA in the catalog)"
"GSE42127","Lung Cancer","PFS","not stated","not stated","not stated","Unknown","Unknown","Unknown","Unknown","not stated","Absent","data/dataset_info.csv","no PFS endpoint annotated for this cohort (EP_PFS is NA in the catalog)"
"GSE42127","Lung Cancer","MFS","not stated","not stated","not stated","Unknown","Unknown","Unknown","Unknown","not stated","Absent","data/dataset_info.csv","no MFS endpoint annotated for this cohort (EP_MFS is NA in the catalog)"
"GSE11117","Lung Cancer","OS","OS","primary","OS_status + OS_time","Unknown","Unknown","Unknown","Unknown","no","Exact-equivalent","data/dataset_info.csv; data/processed/surv/GSE11117_surv.rds (columns OS_status, OS_time)",""
"GSE11117","Lung Cancer","DSS","not stated","not stated","not stated","Unknown","Unknown","Unknown","Unknown","not stated","Absent","data/dataset_info.csv","no DSS endpoint annotated for this cohort (EP_DSS is NA in the catalog)"
"GSE11117","Lung Cancer","DFS","not stated","not stated","not stated","Unknown","Unknown","Unknown","Unknown","not stated","Absent","data/dataset_info.csv","no DFS endpoint annotated for this cohort (EP_DFS is NA in the catalog)"
"GSE11117","Lung Cancer","PFS","not stated","not stated","not stated","Unknown","Unknown","Unknown","Unknown","not stated","Absent","data/dataset_info.csv","no PFS endpoint annotated for this cohort (EP_PFS is NA in the catalog)"
"GSE11117","Lung Cancer","MFS","not stated","not stated","not stated","Unknown","Unknown","Unknown","Unknown","not stated","Absent","data/dataset_info.csv","no MFS endpoint annotated for this cohort (EP_MFS is NA in the catalog)"
"GSE10885_GPL1390","Breast Cancer","OS","OS","primary","OS_status + OS_time","Unknown","Unknown","Unknown","Unknown","no","Exact-equivalent","data/dataset_info.csv; data/processed/surv/GSE10885-GPL1390_surv.rds (columns OS_status, OS_time)",""
"GSE10885_GPL1390","Breast Cancer","DSS","not stated","not stated","not stated","Unknown","Unknown","Unknown","Unknown","not stated","Absent","data/dataset_info.csv","no DSS endpoint annotated for this cohort (EP_DSS is NA in the catalog)"
"GSE10885_GPL1390","Breast Cancer","DFS","RFS","contributing","RFS_status + RFS_time","Unknown","Unknown","Unknown","Unknown","no","Clinically-related","data/dataset_info.csv; data/processed/surv/GSE10885-GPL1390_surv.rds (columns RFS_status, RFS_time)",""
"GSE10885_GPL1390","Breast Cancer","PFS","not stated","not stated","not stated","Unknown","Unknown","Unknown","Unknown","not stated","Absent","data/dataset_info.csv","no PFS endpoint annotated for this cohort (EP_PFS is NA in the catalog)"
"GSE10885_GPL1390","Breast Cancer","MFS","not stated","not stated","not stated","Unknown","Unknown","Unknown","Unknown","not stated","Absent","data/dataset_info.csv","no MFS endpoint annotated for this cohort (EP_MFS is NA in the catalog)"
"GSE10885_GPL887","Breast Cancer","OS","OS","primary","OS_status + OS_time","Unknown","Unknown","Unknown","Unknown","no","Exact-equivalent","data/dataset_info.csv; data/processed/surv/GSE10885-GPL887_surv.rds (columns OS_status, OS_time)",""
"GSE10885_GPL887","Breast Cancer","DSS","not stated","not stated","not stated","Unknown","Unknown","Unknown","Unknown","not stated","Absent","data/dataset_info.csv","no DSS endpoint annotated for this cohort (EP_DSS is NA in the catalog)"
"GSE10885_GPL887","Breast Cancer","DFS","RFS","contributing","RFS_status + RFS_time","Unknown","Unknown","Unknown","Unknown","no","Clinically-related","data/dataset_info.csv; data/processed/surv/GSE10885-GPL887_surv.rds (columns RFS_status, RFS_time)",""
"GSE10885_GPL887","Breast Cancer","PFS","not stated","not stated","not stated","Unknown","Unknown","Unknown","Unknown","not stated","Absent","data/dataset_info.csv","no PFS endpoint annotated for this cohort (EP_PFS is NA in the catalog)"
"GSE10885_GPL887","Breast Cancer","MFS","not stated","not stated","not stated","Unknown","Unknown","Unknown","Unknown","not stated","Absent","data/dataset_info.csv","no MFS endpoint annotated for this cohort (EP_MFS is NA in the catalog)"
"GSE12093","Breast Cancer","OS","not stated","not stated","not stated","Unknown","Unknown","Unknown","Unknown","not stated","Absent","data/dataset_info.csv","no OS endpoint annotated for this cohort (EP_OS is NA in the catalog)"
"GSE12093","Breast Cancer","DSS","not stated","not stated","not stated","Unknown","Unknown","Unknown","Unknown","not stated","Absent","data/dataset_info.csv","no DSS endpoint annotated for this cohort (EP_DSS is NA in the catalog)"
"GSE12093","Breast Cancer","DFS","DFS","primary","DFS_status + DFS_time","Unknown","Unknown","Unknown","Unknown","no","Exact-equivalent","data/dataset_info.csv; data/processed/surv/GSE12093_surv.rds (columns DFS_status, DFS_time)",""
"GSE12093","Breast Cancer","PFS","not stated","not stated","not stated","Unknown","Unknown","Unknown","Unknown","not stated","Absent","data/dataset_info.csv","no PFS endpoint annotated for this cohort (EP_PFS is NA in the catalog)"
"GSE12093","Breast Cancer","MFS","not stated","not stated","not stated","Unknown","Unknown","Unknown","Unknown","not stated","Absent","data/dataset_info.csv","no MFS endpoint annotated for this cohort (EP_MFS is NA in the catalog)"
"GSE12276","Breast Cancer","OS","not stated","not stated","not stated","Unknown","Unknown","Unknown","Unknown","not stated","Absent","data/dataset_info.csv","no OS endpoint annotated for this cohort (EP_OS is NA in the catalog)"
"GSE12276","Breast Cancer","DSS","not stated","not stated","not stated","Unknown","Unknown","Unknown","Unknown","not stated","Absent","data/dataset_info.csv","no DSS endpoint annotated for this cohort (EP_DSS is NA in the catalog)"
"GSE12276","Breast Cancer","DFS","RFS","primary","RFS_status + RFS_time","Unknown","Unknown","Unknown","Unknown","no","Clinically-related","data/dataset_info.csv; data/processed/surv/GSE12276_surv.rds (columns RFS_status, RFS_time)",""
"GSE12276","Breast Cancer","PFS","not stated","not stated","not stated","Unknown","Unknown","Unknown","Unknown","not stated","Absent","data/dataset_info.csv","no PFS endpoint annotated for this cohort (EP_PFS is NA in the catalog)"
"GSE12276","Breast Cancer","MFS","not stated","not stated","not stated","Unknown","Unknown","Unknown","Unknown","not stated","Absent","data/dataset_info.csv","no MFS endpoint annotated for this cohort (EP_MFS is NA in the catalog)"
"GSE1456_GPL96","Breast Cancer","OS","OS","primary","OS_status + OS_time","Unknown","Unknown","Unknown","Unknown","no","Exact-equivalent","data/dataset_info.csv; data/processed/surv/GSE1456-GPL96_surv.rds (columns OS_status, OS_time)",""
"GSE1456_GPL96","Breast Cancer","DSS","not stated","not stated","not stated","Unknown","Unknown","Unknown","Unknown","not stated","Absent","data/dataset_info.csv","no DSS endpoint annotated for this cohort (EP_DSS is NA in the catalog)"
"GSE1456_GPL96","Breast Cancer","DFS","RFS","contributing","RFS_status + RFS_time","Unknown","Unknown","Unknown","Unknown","no","Clinically-related","data/dataset_info.csv; data/processed/surv/GSE1456-GPL96_surv.rds (columns RFS_status, RFS_time)",""
"GSE1456_GPL96","Breast Cancer","PFS","not stated","not stated","not stated","Unknown","Unknown","Unknown","Unknown","not stated","Absent","data/dataset_info.csv","no PFS endpoint annotated for this cohort (EP_PFS is NA in the catalog)"
"GSE1456_GPL96","Breast Cancer","MFS","not stated","not stated","not stated","Unknown","Unknown","Unknown","Unknown","not stated","Absent","data/dataset_info.csv","no MFS endpoint annotated for this cohort (EP_MFS is NA in the catalog)"
"GSE1456_GPL97","Breast Cancer","OS","OS","primary","OS_status + OS_time","Unknown","Unknown","Unknown","Unknown","no","Exact-equivalent","data/dataset_info.csv; data/processed/surv/GSE1456-GPL97_surv.rds (columns OS_status, OS_time)",""
"GSE1456_GPL97","Breast Cancer","DSS","not stated","not stated","not stated","Unknown","Unknown","Unknown","Unknown","not stated","Absent","data/dataset_info.csv","no DSS endpoint annotated for this cohort (EP_DSS is NA in the catalog)"
"GSE1456_GPL97","Breast Cancer","DFS","RFS","contributing","RFS_status + RFS_time","Unknown","Unknown","Unknown","Unknown","no","Clinically-related","data/dataset_info.csv; data/processed/surv/GSE1456-GPL97_surv.rds (columns RFS_status, RFS_time)",""
"GSE1456_GPL97","Breast Cancer","PFS","not stated","not stated","not stated","Unknown","Unknown","Unknown","Unknown","not stated","Absent","data/dataset_info.csv","no PFS endpoint annotated for this cohort (EP_PFS is NA in the catalog)"
"GSE1456_GPL97","Breast Cancer","MFS","not stated","not stated","not stated","Unknown","Unknown","Unknown","Unknown","not stated","Absent","data/dataset_info.csv","no MFS endpoint annotated for this cohort (EP_MFS is NA in the catalog)"
"GSE16446","Breast Cancer","OS","OS","primary","OS_status + OS_time","Unknown","Unknown","Unknown","Unknown","no","Exact-equivalent","data/dataset_info.csv; data/processed/surv/GSE16446_surv.rds (columns OS_status, OS_time)",""
"GSE16446","Breast Cancer","DSS","not stated","not stated","not stated","Unknown","Unknown","Unknown","Unknown","not stated","Absent","data/dataset_info.csv","no DSS endpoint annotated for this cohort (EP_DSS is NA in the catalog)"
"GSE16446","Breast Cancer","DFS","not stated","not stated","not stated","Unknown","Unknown","Unknown","Unknown","not stated","Absent","data/dataset_info.csv","no DFS endpoint annotated for this cohort (EP_DFS is NA in the catalog)"
"GSE16446","Breast Cancer","PFS","not stated","not stated","not stated","Unknown","Unknown","Unknown","Unknown","not stated","Absent","data/dataset_info.csv","no PFS endpoint annotated for this cohort (EP_PFS is NA in the catalog)"
"GSE16446","Breast Cancer","MFS","MFS","contributing","MFS_status + MFS_time","Unknown","Unknown","Unknown","Unknown","no","Exact-equivalent","data/dataset_info.csv; data/processed/surv/GSE16446_surv.rds (columns MFS_status, MFS_time)",""
"GSE17705","Breast Cancer","OS","not stated","not stated","not stated","Unknown","Unknown","Unknown","Unknown","not stated","Absent","data/dataset_info.csv","no OS endpoint annotated for this cohort (EP_OS is NA in the catalog)"
"GSE17705","Breast Cancer","DSS","not stated","not stated","not stated","Unknown","Unknown","Unknown","Unknown","not stated","Absent","data/dataset_info.csv","no DSS endpoint annotated for this cohort (EP_DSS is NA in the catalog)"
"GSE17705","Breast Cancer","DFS","RFS","primary","RFS_status + RFS_time","Unknown","Unknown","Unknown","Unknown","no","Clinically-related","data/dataset_info.csv; data/processed/surv/GSE17705_surv.rds (columns RFS_status, RFS_time)",""
"GSE17705","Breast Cancer","PFS","not stated","not stated","not stated","Unknown","Unknown","Unknown","Unknown","not stated","Absent","data/dataset_info.csv","no PFS endpoint annotated for this cohort (EP_PFS is NA in the catalog)"
"GSE17705","Breast Cancer","MFS","not stated","not stated","not stated","Unknown","Unknown","Unknown","Unknown","not stated","Absent","data/dataset_info.csv","no MFS endpoint annotated for this cohort (EP_MFS is NA in the catalog)"
"GSE19615","Breast Cancer","OS","not stated","not stated","not stated","Unknown","Unknown","Unknown","Unknown","not stated","Absent","data/dataset_info.csv","no OS endpoint annotated for this cohort (EP_OS is NA in the catalog)"
"GSE19615","Breast Cancer","DSS","not stated","not stated","not stated","Unknown","Unknown","Unknown","Unknown","not stated","Absent","data/dataset_info.csv","no DSS endpoint annotated for this cohort (EP_DSS is NA in the catalog)"
"GSE19615","Breast Cancer","DFS","RFS","primary","RFS_status + RFS_time","Unknown","Unknown","Unknown","Unknown","no","Clinically-related","data/dataset_info.csv; data/processed/surv/GSE19615_surv.rds (columns RFS_status, RFS_time)",""
"GSE19615","Breast Cancer","PFS","not stated","not stated","not stated","Unknown","Unknown","Unknown","Unknown","not stated","Absent","data/dataset_info.csv","no PFS endpoint annotated for this cohort (EP_PFS is NA in the catalog)"
"GSE19615","Breast Cancer","MFS","not stated","not stated","not stated","Unknown","Unknown","Unknown","Unknown","not stated","Absent","data/dataset_info.csv","no MFS endpoint annotated for this cohort (EP_MFS is NA in the catalog)"
"GSE2034","Breast Cancer","OS","not stated","not stated","not stated","Unknown","Unknown","Unknown","Unknown","not stated","Absent","data/dataset_info.csv","no OS endpoint annotated for this cohort (EP_OS is NA in the catalog)"
"GSE2034","Breast Cancer","DSS","not stated","not stated","not stated","Unknown","Unknown","Unknown","Unknown","not stated","Absent","data/dataset_info.csv","no DSS endpoint annotated for this cohort (EP_DSS is NA in the catalog)"
"GSE2034","Breast Cancer","DFS","RFS","primary","RFS_status + RFS_time","Unknown","Unknown","Unknown","Unknown","no","Clinically-related","data/dataset_info.csv; data/processed/surv/GSE2034_surv.rds (columns RFS_status, RFS_time)",""
"GSE2034","Breast Cancer","PFS","not stated","not stated","not stated","Unknown","Unknown","Unknown","Unknown","not stated","Absent","data/dataset_info.csv","no PFS endpoint annotated for this cohort (EP_PFS is NA in the catalog)"
"GSE2034","Breast Cancer","MFS","not stated","not stated","not stated","Unknown","Unknown","Unknown","Unknown","not stated","Absent","data/dataset_info.csv","no MFS endpoint annotated for this cohort (EP_MFS is NA in the catalog)"
"GSE20624_GPL1390","Breast Cancer","OS","OS","primary","OS_status + OS_time","Unknown","Unknown","Unknown","Unknown","no","Exact-equivalent","data/dataset_info.csv; data/processed/surv/GSE20624-GPL1390_surv.rds (columns OS_status, OS_time)",""
"GSE20624_GPL1390","Breast Cancer","DSS","not stated","not stated","not stated","Unknown","Unknown","Unknown","Unknown","not stated","Absent","data/dataset_info.csv","no DSS endpoint annotated for this cohort (EP_DSS is NA in the catalog)"
"GSE20624_GPL1390","Breast Cancer","DFS","RFS","contributing","RFS_status + RFS_time","Unknown","Unknown","Unknown","Unknown","no","Clinically-related","data/dataset_info.csv; data/processed/surv/GSE20624-GPL1390_surv.rds (columns RFS_status, RFS_time)",""
"GSE20624_GPL1390","Breast Cancer","PFS","not stated","not stated","not stated","Unknown","Unknown","Unknown","Unknown","not stated","Absent","data/dataset_info.csv","no PFS endpoint annotated for this cohort (EP_PFS is NA in the catalog)"
"GSE20624_GPL1390","Breast Cancer","MFS","not stated","not stated","not stated","Unknown","Unknown","Unknown","Unknown","not stated","Absent","data/dataset_info.csv","no MFS endpoint annotated for this cohort (EP_MFS is NA in the catalog)"
"GSE20685","Breast Cancer","OS","OS","primary","OS_status + OS_time","Unknown","Unknown","Unknown","Unknown","no","Exact-equivalent","data/dataset_info.csv; data/processed/surv/GSE20685_surv.rds (columns OS_status, OS_time)",""
"GSE20685","Breast Cancer","DSS","not stated","not stated","not stated","Unknown","Unknown","Unknown","Unknown","not stated","Absent","data/dataset_info.csv","no DSS endpoint annotated for this cohort (EP_DSS is NA in the catalog)"
"GSE20685","Breast Cancer","DFS","RFS","contributing","RFS_status + RFS_time","Unknown","Unknown","Unknown","Unknown","no","Clinically-related","data/dataset_info.csv; data/processed/surv/GSE20685_surv.rds (columns RFS_status, RFS_time)",""
"GSE20685","Breast Cancer","PFS","not stated","not stated","not stated","Unknown","Unknown","Unknown","Unknown","not stated","Absent","data/dataset_info.csv","no PFS endpoint annotated for this cohort (EP_PFS is NA in the catalog)"
"GSE20685","Breast Cancer","MFS","MFS","contributing","MFS_status + MFS_time","Unknown","Unknown","Unknown","Unknown","no","Exact-equivalent","data/dataset_info.csv; data/processed/surv/GSE20685_surv.rds (columns MFS_status, MFS_time)",""
"GSE20711","Breast Cancer","OS","OS","primary","OS_status + OS_time","Unknown","Unknown","Unknown","Unknown","no","Exact-equivalent","data/dataset_info.csv; data/processed/surv/GSE20711_surv.rds (columns OS_status, OS_time)",""
"GSE20711","Breast Cancer","DSS","not stated","not stated","not stated","Unknown","Unknown","Unknown","Unknown","not stated","Absent","data/dataset_info.csv","no DSS endpoint annotated for this cohort (EP_DSS is NA in the catalog)"
"GSE20711","Breast Cancer","DFS","RFS","contributing","RFS_status + RFS_time","Unknown","Unknown","Unknown","Unknown","no","Clinically-related","data/dataset_info.csv; data/processed/surv/GSE20711_surv.rds (columns RFS_status, RFS_time)",""
"GSE20711","Breast Cancer","PFS","not stated","not stated","not stated","Unknown","Unknown","Unknown","Unknown","not stated","Absent","data/dataset_info.csv","no PFS endpoint annotated for this cohort (EP_PFS is NA in the catalog)"
"GSE20711","Breast Cancer","MFS","not stated","not stated","not stated","Unknown","Unknown","Unknown","Unknown","not stated","Absent","data/dataset_info.csv","no MFS endpoint annotated for this cohort (EP_MFS is NA in the catalog)"
"GSE21653","Breast Cancer","OS","not stated","not stated","not stated","Unknown","Unknown","Unknown","Unknown","not stated","Absent","data/dataset_info.csv","no OS endpoint annotated for this cohort (EP_OS is NA in the catalog)"
"GSE21653","Breast Cancer","DSS","not stated","not stated","not stated","Unknown","Unknown","Unknown","Unknown","not stated","Absent","data/dataset_info.csv","no DSS endpoint annotated for this cohort (EP_DSS is NA in the catalog)"
"GSE21653","Breast Cancer","DFS","DFS","primary","DFS_status + DFS_time","Unknown","Unknown","Unknown","Unknown","no","Exact-equivalent","data/dataset_info.csv; data/processed/surv/GSE21653_surv.rds (columns DFS_status, DFS_time)",""
"GSE21653","Breast Cancer","PFS","not stated","not stated","not stated","Unknown","Unknown","Unknown","Unknown","not stated","Absent","data/dataset_info.csv","no PFS endpoint annotated for this cohort (EP_PFS is NA in the catalog)"
"GSE21653","Breast Cancer","MFS","not stated","not stated","not stated","Unknown","Unknown","Unknown","Unknown","not stated","Absent","data/dataset_info.csv","no MFS endpoint annotated for this cohort (EP_MFS is NA in the catalog)"
"GSE22219","Breast Cancer","OS","not stated","not stated","not stated","Unknown","Unknown","Unknown","Unknown","not stated","Absent","data/dataset_info.csv","no OS endpoint annotated for this cohort (EP_OS is NA in the catalog)"
"GSE22219","Breast Cancer","DSS","not stated","not stated","not stated","Unknown","Unknown","Unknown","Unknown","not stated","Absent","data/dataset_info.csv","no DSS endpoint annotated for this cohort (EP_DSS is NA in the catalog)"
"GSE22219","Breast Cancer","DFS","RFS","primary","RFS_status + RFS_time","Unknown","Unknown","Unknown","Unknown","no","Clinically-related","data/dataset_info.csv; data/processed/surv/GSE22219_surv.rds (columns RFS_status, RFS_time)",""
"GSE22219","Breast Cancer","PFS","not stated","not stated","not stated","Unknown","Unknown","Unknown","Unknown","not stated","Absent","data/dataset_info.csv","no PFS endpoint annotated for this cohort (EP_PFS is NA in the catalog)"
"GSE22219","Breast Cancer","MFS","not stated","not stated","not stated","Unknown","Unknown","Unknown","Unknown","not stated","Absent","data/dataset_info.csv","no MFS endpoint annotated for this cohort (EP_MFS is NA in the catalog)"
"GSE22226_GPL1708","Breast Cancer","OS","OS","primary","OS_status + OS_time","Unknown","Unknown","Unknown","Unknown","no","Exact-equivalent","data/dataset_info.csv; data/processed/surv/GSE22226-GPL1708_surv.rds (columns OS_status, OS_time)",""
"GSE22226_GPL1708","Breast Cancer","DSS","not stated","not stated","not stated","Unknown","Unknown","Unknown","Unknown","not stated","Absent","data/dataset_info.csv","no DSS endpoint annotated for this cohort (EP_DSS is NA in the catalog)"
"GSE22226_GPL1708","Breast Cancer","DFS","RFS","contributing","RFS_status + RFS_time","Unknown","Unknown","Unknown","Unknown","no","Clinically-related","data/dataset_info.csv; data/processed/surv/GSE22226-GPL1708_surv.rds (columns RFS_status, RFS_time)",""
"GSE22226_GPL1708","Breast Cancer","PFS","not stated","not stated","not stated","Unknown","Unknown","Unknown","Unknown","not stated","Absent","data/dataset_info.csv","no PFS endpoint annotated for this cohort (EP_PFS is NA in the catalog)"
"GSE22226_GPL1708","Breast Cancer","MFS","not stated","not stated","not stated","Unknown","Unknown","Unknown","Unknown","not stated","Absent","data/dataset_info.csv","no MFS endpoint annotated for this cohort (EP_MFS is NA in the catalog)"
"GSE2990","Breast Cancer","OS","not stated","not stated","not stated","Unknown","Unknown","Unknown","Unknown","not stated","Absent","data/dataset_info.csv","no OS endpoint annotated for this cohort (EP_OS is NA in the catalog)"
"GSE2990","Breast Cancer","DSS","not stated","not stated","not stated","Unknown","Unknown","Unknown","Unknown","not stated","Absent","data/dataset_info.csv","no DSS endpoint annotated for this cohort (EP_DSS is NA in the catalog)"
"GSE2990","Breast Cancer","DFS","RFS","primary","RFS_status + RFS_time","Unknown","Unknown","Unknown","Unknown","no","Clinically-related","data/dataset_info.csv; data/processed/surv/GSE2990_surv.rds (columns RFS_status, RFS_time)",""
"GSE2990","Breast Cancer","PFS","not stated","not stated","not stated","Unknown","Unknown","Unknown","Unknown","not stated","Absent","data/dataset_info.csv","no PFS endpoint annotated for this cohort (EP_PFS is NA in the catalog)"
"GSE2990","Breast Cancer","MFS","not stated","not stated","not stated","Unknown","Unknown","Unknown","Unknown","not stated","Absent","data/dataset_info.csv","no MFS endpoint annotated for this cohort (EP_MFS is NA in the catalog)"
"GSE3143","Breast Cancer","OS","OS","primary","OS_status + OS_time","Unknown","Unknown","Unknown","Unknown","no","Exact-equivalent","data/dataset_info.csv; data/processed/surv/GSE3143_surv.rds (columns OS_status, OS_time)",""
"GSE3143","Breast Cancer","DSS","not stated","not stated","not stated","Unknown","Unknown","Unknown","Unknown","not stated","Absent","data/dataset_info.csv","no DSS endpoint annotated for this cohort (EP_DSS is NA in the catalog)"
"GSE3143","Breast Cancer","DFS","not stated","not stated","not stated","Unknown","Unknown","Unknown","Unknown","not stated","Absent","data/dataset_info.csv","no DFS endpoint annotated for this cohort (EP_DFS is NA in the catalog)"
"GSE3143","Breast Cancer","PFS","not stated","not stated","not stated","Unknown","Unknown","Unknown","Unknown","not stated","Absent","data/dataset_info.csv","no PFS endpoint annotated for this cohort (EP_PFS is NA in the catalog)"
"GSE3143","Breast Cancer","MFS","not stated","not stated","not stated","Unknown","Unknown","Unknown","Unknown","not stated","Absent","data/dataset_info.csv","no MFS endpoint annotated for this cohort (EP_MFS is NA in the catalog)"
"GSE31519","Breast Cancer","OS","not stated","not stated","not stated","Unknown","Unknown","Unknown","Unknown","not stated","Absent","data/dataset_info.csv","no OS endpoint annotated for this cohort (EP_OS is NA in the catalog)"
"GSE31519","Breast Cancer","DSS","not stated","not stated","not stated","Unknown","Unknown","Unknown","Unknown","not stated","Absent","data/dataset_info.csv","no DSS endpoint annotated for this cohort (EP_DSS is NA in the catalog)"
"GSE31519","Breast Cancer","DFS","RFS","primary","event (1 + event-free interval (months)","event (1","Unknown","Unknown","Unknown","no","Clinically-related","data/dataset_info.csv; data/processed/surv/GSE31519_surv.rds (columns RFS_status, RFS_time); pipeline/R/03_surv_table.R","source time unit: month (converted to years)"
"GSE31519","Breast Cancer","PFS","not stated","not stated","not stated","Unknown","Unknown","Unknown","Unknown","not stated","Absent","data/dataset_info.csv","no PFS endpoint annotated for this cohort (EP_PFS is NA in the catalog)"
"GSE31519","Breast Cancer","MFS","not stated","not stated","not stated","Unknown","Unknown","Unknown","Unknown","not stated","Absent","data/dataset_info.csv","no MFS endpoint annotated for this cohort (EP_MFS is NA in the catalog)"
"GSE3494_GPL96","Breast Cancer","OS","not stated","not stated","not stated","Unknown","Unknown","Unknown","Unknown","not stated","Absent","data/dataset_info.csv","no OS endpoint annotated for this cohort (EP_OS is NA in the catalog)"
"GSE3494_GPL96","Breast Cancer","DSS","DSS","primary","DSS_status + DSS_time","Unknown","Unknown","Unknown","Unknown","no","Exact-equivalent","data/dataset_info.csv; data/processed/surv/GSE3494-GPL96_surv.rds (columns DSS_status, DSS_time)",""
"GSE3494_GPL96","Breast Cancer","DFS","not stated","not stated","not stated","Unknown","Unknown","Unknown","Unknown","not stated","Absent","data/dataset_info.csv","no DFS endpoint annotated for this cohort (EP_DFS is NA in the catalog)"
"GSE3494_GPL96","Breast Cancer","PFS","not stated","not stated","not stated","Unknown","Unknown","Unknown","Unknown","not stated","Absent","data/dataset_info.csv","no PFS endpoint annotated for this cohort (EP_PFS is NA in the catalog)"
"GSE3494_GPL96","Breast Cancer","MFS","not stated","not stated","not stated","Unknown","Unknown","Unknown","Unknown","not stated","Absent","data/dataset_info.csv","no MFS endpoint annotated for this cohort (EP_MFS is NA in the catalog)"
"GSE3494_GPL97","Breast Cancer","OS","not stated","not stated","not stated","Unknown","Unknown","Unknown","Unknown","not stated","Absent","data/dataset_info.csv","no OS endpoint annotated for this cohort (EP_OS is NA in the catalog)"
"GSE3494_GPL97","Breast Cancer","DSS","DSS","primary","DSS_status + DSS_time","Unknown","Unknown","Unknown","Unknown","no","Exact-equivalent","data/dataset_info.csv; data/processed/surv/GSE3494-GPL97_surv.rds (columns DSS_status, DSS_time)",""
"GSE3494_GPL97","Breast Cancer","DFS","not stated","not stated","not stated","Unknown","Unknown","Unknown","Unknown","not stated","Absent","data/dataset_info.csv","no DFS endpoint annotated for this cohort (EP_DFS is NA in the catalog)"
"GSE3494_GPL97","Breast Cancer","PFS","not stated","not stated","not stated","Unknown","Unknown","Unknown","Unknown","not stated","Absent","data/dataset_info.csv","no PFS endpoint annotated for this cohort (EP_PFS is NA in the catalog)"
"GSE3494_GPL97","Breast Cancer","MFS","not stated","not stated","not stated","Unknown","Unknown","Unknown","Unknown","not stated","Absent","data/dataset_info.csv","no MFS endpoint annotated for this cohort (EP_MFS is NA in the catalog)"
"GSE42568","Breast Cancer","OS","OS","primary","OS_status + OS_time","Unknown","Unknown","Unknown","Unknown","no","Exact-equivalent","data/dataset_info.csv; data/processed/surv/GSE42568_surv.rds (columns OS_status, OS_time)",""
"GSE42568","Breast Cancer","DSS","not stated","not stated","not stated","Unknown","Unknown","Unknown","Unknown","not stated","Absent","data/dataset_info.csv","no DSS endpoint annotated for this cohort (EP_DSS is NA in the catalog)"
"GSE42568","Breast Cancer","DFS","RFS","contributing","RFS_status + RFS_time","Unknown","Unknown","Unknown","Unknown","no","Clinically-related","data/dataset_info.csv; data/processed/surv/GSE42568_surv.rds (columns RFS_status, RFS_time)",""
"GSE42568","Breast Cancer","PFS","not stated","not stated","not stated","Unknown","Unknown","Unknown","Unknown","not stated","Absent","data/dataset_info.csv","no PFS endpoint annotated for this cohort (EP_PFS is NA in the catalog)"
"GSE42568","Breast Cancer","MFS","not stated","not stated","not stated","Unknown","Unknown","Unknown","Unknown","not stated","Absent","data/dataset_info.csv","no MFS endpoint annotated for this cohort (EP_MFS is NA in the catalog)"
"GSE45255","Breast Cancer","OS","not stated","not stated","not stated","Unknown","Unknown","Unknown","Unknown","not stated","Absent","data/dataset_info.csv","no OS endpoint annotated for this cohort (EP_OS is NA in the catalog)"
"GSE45255","Breast Cancer","DSS","DSS","primary","DSS_status + DSS_time","Unknown","Unknown","Unknown","Unknown","no","Exact-equivalent","data/dataset_info.csv; data/processed/surv/GSE45255_surv.rds (columns DSS_status, DSS_time)",""
"GSE45255","Breast Cancer","DFS","DFS","contributing","DFS_status + DFS_time","Unknown","Unknown","Unknown","Unknown","no","Exact-equivalent","data/dataset_info.csv; data/processed/surv/GSE45255_surv.rds (columns DFS_status, DFS_time)",""
"GSE45255","Breast Cancer","PFS","not stated","not stated","not stated","Unknown","Unknown","Unknown","Unknown","not stated","Absent","data/dataset_info.csv","no PFS endpoint annotated for this cohort (EP_PFS is NA in the catalog)"
"GSE45255","Breast Cancer","MFS","MFS","contributing","MFS_status + MFS_time","Unknown","Unknown","Unknown","Unknown","no","Exact-equivalent","data/dataset_info.csv; data/processed/surv/GSE45255_surv.rds (columns MFS_status, MFS_time)",""
"GSE4922_GPL96","Breast Cancer","OS","not stated","not stated","not stated","Unknown","Unknown","Unknown","Unknown","not stated","Absent","data/dataset_info.csv","no OS endpoint annotated for this cohort (EP_OS is NA in the catalog)"
"GSE4922_GPL96","Breast Cancer","DSS","not stated","not stated","not stated","Unknown","Unknown","Unknown","Unknown","not stated","Absent","data/dataset_info.csv","no DSS endpoint annotated for this cohort (EP_DSS is NA in the catalog)"
"GSE4922_GPL96","Breast Cancer","DFS","DFS","primary","DFS_status + DFS_time","Unknown","Unknown","Unknown","Unknown","no","Exact-equivalent","data/dataset_info.csv; data/processed/surv/GSE4922-GPL96_surv.rds (columns DFS_status, DFS_time)",""
"GSE4922_GPL96","Breast Cancer","PFS","not stated","not stated","not stated","Unknown","Unknown","Unknown","Unknown","not stated","Absent","data/dataset_info.csv","no PFS endpoint annotated for this cohort (EP_PFS is NA in the catalog)"
"GSE4922_GPL96","Breast Cancer","MFS","not stated","not stated","not stated","Unknown","Unknown","Unknown","Unknown","not stated","Absent","data/dataset_info.csv","no MFS endpoint annotated for this cohort (EP_MFS is NA in the catalog)"
"GSE4922_GPL97","Breast Cancer","OS","not stated","not stated","not stated","Unknown","Unknown","Unknown","Unknown","not stated","Absent","data/dataset_info.csv","no OS endpoint annotated for this cohort (EP_OS is NA in the catalog)"
"GSE4922_GPL97","Breast Cancer","DSS","not stated","not stated","not stated","Unknown","Unknown","Unknown","Unknown","not stated","Absent","data/dataset_info.csv","no DSS endpoint annotated for this cohort (EP_DSS is NA in the catalog)"
"GSE4922_GPL97","Breast Cancer","DFS","DFS","primary","DFS_status + DFS_time","Unknown","Unknown","Unknown","Unknown","no","Exact-equivalent","data/dataset_info.csv; data/processed/surv/GSE4922-GPL97_surv.rds (columns DFS_status, DFS_time)",""
"GSE4922_GPL97","Breast Cancer","PFS","not stated","not stated","not stated","Unknown","Unknown","Unknown","Unknown","not stated","Absent","data/dataset_info.csv","no PFS endpoint annotated for this cohort (EP_PFS is NA in the catalog)"
"GSE4922_GPL97","Breast Cancer","MFS","not stated","not stated","not stated","Unknown","Unknown","Unknown","Unknown","not stated","Absent","data/dataset_info.csv","no MFS endpoint annotated for this cohort (EP_MFS is NA in the catalog)"
"GSE53031","Breast Cancer","OS","not stated","not stated","not stated","Unknown","Unknown","Unknown","Unknown","not stated","Absent","data/dataset_info.csv","no OS endpoint annotated for this cohort (EP_OS is NA in the catalog)"
"GSE53031","Breast Cancer","DSS","not stated","not stated","not stated","Unknown","Unknown","Unknown","Unknown","not stated","Absent","data/dataset_info.csv","no DSS endpoint annotated for this cohort (EP_DSS is NA in the catalog)"
"GSE53031","Breast Cancer","DFS","RFS","primary","RFS_status + RFS_time","Unknown","Unknown","Unknown","Unknown","no","Clinically-related","data/dataset_info.csv; data/processed/surv/GSE53031_surv.rds (columns RFS_status, RFS_time)",""
"GSE53031","Breast Cancer","PFS","not stated","not stated","not stated","Unknown","Unknown","Unknown","Unknown","not stated","Absent","data/dataset_info.csv","no PFS endpoint annotated for this cohort (EP_PFS is NA in the catalog)"
"GSE53031","Breast Cancer","MFS","not stated","not stated","not stated","Unknown","Unknown","Unknown","Unknown","not stated","Absent","data/dataset_info.csv","no MFS endpoint annotated for this cohort (EP_MFS is NA in the catalog)"
"GSE5327","Breast Cancer","OS","not stated","not stated","not stated","Unknown","Unknown","Unknown","Unknown","not stated","Absent","data/dataset_info.csv","no OS endpoint annotated for this cohort (EP_OS is NA in the catalog)"
"GSE5327","Breast Cancer","DSS","not stated","not stated","not stated","Unknown","Unknown","Unknown","Unknown","not stated","Absent","data/dataset_info.csv","no DSS endpoint annotated for this cohort (EP_DSS is NA in the catalog)"
"GSE5327","Breast Cancer","DFS","not stated","not stated","not stated","Unknown","Unknown","Unknown","Unknown","not stated","Absent","data/dataset_info.csv","no DFS endpoint annotated for this cohort (EP_DFS is NA in the catalog)"
"GSE5327","Breast Cancer","PFS","not stated","not stated","not stated","Unknown","Unknown","Unknown","Unknown","not stated","Absent","data/dataset_info.csv","no PFS endpoint annotated for this cohort (EP_PFS is NA in the catalog)"
"GSE5327","Breast Cancer","MFS","MFS","primary","MFS_status + MFS_time","Unknown","Unknown","Unknown","Unknown","no","Exact-equivalent","data/dataset_info.csv; data/processed/surv/GSE5327_surv.rds (columns MFS_status, MFS_time)",""
"GSE58812","Breast Cancer","OS","OS","primary","OS_status + OS_time","Unknown","Unknown","Unknown","Unknown","no","Exact-equivalent","data/dataset_info.csv; data/processed/surv/GSE58812_surv.rds (columns OS_status, OS_time)",""
"GSE58812","Breast Cancer","DSS","not stated","not stated","not stated","Unknown","Unknown","Unknown","Unknown","not stated","Absent","data/dataset_info.csv","no DSS endpoint annotated for this cohort (EP_DSS is NA in the catalog)"
"GSE58812","Breast Cancer","DFS","not stated","not stated","not stated","Unknown","Unknown","Unknown","Unknown","not stated","Absent","data/dataset_info.csv","no DFS endpoint annotated for this cohort (EP_DFS is NA in the catalog)"
"GSE58812","Breast Cancer","PFS","not stated","not stated","not stated","Unknown","Unknown","Unknown","Unknown","not stated","Absent","data/dataset_info.csv","no PFS endpoint annotated for this cohort (EP_PFS is NA in the catalog)"
"GSE58812","Breast Cancer","MFS","MFS","contributing","MFS_status + MFS_time","Unknown","Unknown","Unknown","Unknown","no","Exact-equivalent","data/dataset_info.csv; data/processed/surv/GSE58812_surv.rds (columns MFS_status, MFS_time)",""
"GSE6532_GPL570","Breast Cancer","OS","not stated","not stated","not stated","Unknown","Unknown","Unknown","Unknown","not stated","Absent","data/dataset_info.csv","no OS endpoint annotated for this cohort (EP_OS is NA in the catalog)"
"GSE6532_GPL570","Breast Cancer","DSS","not stated","not stated","not stated","Unknown","Unknown","Unknown","Unknown","not stated","Absent","data/dataset_info.csv","no DSS endpoint annotated for this cohort (EP_DSS is NA in the catalog)"
"GSE6532_GPL570","Breast Cancer","DFS","RFS","primary","RFS_status + RFS_time","Unknown","Unknown","Unknown","Unknown","no","Clinically-related","data/dataset_info.csv; data/processed/surv/GSE6532-GPL570_surv.rds (columns RFS_status, RFS_time)",""
"GSE6532_GPL570","Breast Cancer","PFS","not stated","not stated","not stated","Unknown","Unknown","Unknown","Unknown","not stated","Absent","data/dataset_info.csv","no PFS endpoint annotated for this cohort (EP_PFS is NA in the catalog)"
"GSE6532_GPL570","Breast Cancer","MFS","MFS","contributing","MFS_status + MFS_time","Unknown","Unknown","Unknown","Unknown","no","Exact-equivalent","data/dataset_info.csv; data/processed/surv/GSE6532-GPL570_surv.rds (columns MFS_status, MFS_time)",""
"GSE6532_GPL96","Breast Cancer","OS","not stated","not stated","not stated","Unknown","Unknown","Unknown","Unknown","not stated","Absent","data/dataset_info.csv","no OS endpoint annotated for this cohort (EP_OS is NA in the catalog)"
"GSE6532_GPL96","Breast Cancer","DSS","not stated","not stated","not stated","Unknown","Unknown","Unknown","Unknown","not stated","Absent","data/dataset_info.csv","no DSS endpoint annotated for this cohort (EP_DSS is NA in the catalog)"
"GSE6532_GPL96","Breast Cancer","DFS","RFS","primary","RFS_status + RFS_time","Unknown","Unknown","Unknown","Unknown","no","Clinically-related","data/dataset_info.csv; data/processed/surv/GSE6532-GPL96_surv.rds (columns RFS_status, RFS_time)",""
"GSE6532_GPL96","Breast Cancer","PFS","not stated","not stated","not stated","Unknown","Unknown","Unknown","Unknown","not stated","Absent","data/dataset_info.csv","no PFS endpoint annotated for this cohort (EP_PFS is NA in the catalog)"
"GSE6532_GPL96","Breast Cancer","MFS","MFS","contributing","MFS_status + MFS_time","Unknown","Unknown","Unknown","Unknown","no","Exact-equivalent","data/dataset_info.csv; data/processed/surv/GSE6532-GPL96_surv.rds (columns MFS_status, MFS_time)",""
"GSE6532_GPL97","Breast Cancer","OS","not stated","not stated","not stated","Unknown","Unknown","Unknown","Unknown","not stated","Absent","data/dataset_info.csv","no OS endpoint annotated for this cohort (EP_OS is NA in the catalog)"
"GSE6532_GPL97","Breast Cancer","DSS","not stated","not stated","not stated","Unknown","Unknown","Unknown","Unknown","not stated","Absent","data/dataset_info.csv","no DSS endpoint annotated for this cohort (EP_DSS is NA in the catalog)"
"GSE6532_GPL97","Breast Cancer","DFS","RFS","primary","RFS_status + RFS_time","Unknown","Unknown","Unknown","Unknown","no","Clinically-related","data/dataset_info.csv; data/processed/surv/GSE6532-GPL97_surv.rds (columns RFS_status, RFS_time)",""
"GSE6532_GPL97","Breast Cancer","PFS","not stated","not stated","not stated","Unknown","Unknown","Unknown","Unknown","not stated","Absent","data/dataset_info.csv","no PFS endpoint annotated for this cohort (EP_PFS is NA in the catalog)"
"GSE6532_GPL97","Breast Cancer","MFS","MFS","contributing","MFS_status + MFS_time","Unknown","Unknown","Unknown","Unknown","no","Exact-equivalent","data/dataset_info.csv; data/processed/surv/GSE6532-GPL97_surv.rds (columns MFS_status, MFS_time)",""
"GSE7378","Breast Cancer","OS","not stated","not stated","not stated","Unknown","Unknown","Unknown","Unknown","not stated","Absent","data/dataset_info.csv","no OS endpoint annotated for this cohort (EP_OS is NA in the catalog)"
"GSE7378","Breast Cancer","DSS","not stated","not stated","not stated","Unknown","Unknown","Unknown","Unknown","not stated","Absent","data/dataset_info.csv","no DSS endpoint annotated for this cohort (EP_DSS is NA in the catalog)"
"GSE7378","Breast Cancer","DFS","DFS","primary","recurrence (1=event,_0=censored) + DFS_years","1=event,_0=censored","Unknown","Unknown","Unknown","no","Exact-equivalent","data/dataset_info.csv; data/processed/surv/GSE7378_surv.rds (columns DFS_status, DFS_time); pipeline/R/03_surv_table.R","source time unit: year (converted to years)"
"GSE7378","Breast Cancer","PFS","not stated","not stated","not stated","Unknown","Unknown","Unknown","Unknown","not stated","Absent","data/dataset_info.csv","no PFS endpoint annotated for this cohort (EP_PFS is NA in the catalog)"
"GSE7378","Breast Cancer","MFS","not stated","not stated","not stated","Unknown","Unknown","Unknown","Unknown","not stated","Absent","data/dataset_info.csv","no MFS endpoint annotated for this cohort (EP_MFS is NA in the catalog)"
"GSE7390","Breast Cancer","OS","OS","primary","OS_status + OS_time","Unknown","Unknown","Unknown","Unknown","no","Exact-equivalent","data/dataset_info.csv; data/processed/surv/GSE7390_surv.rds (columns OS_status, OS_time)",""
"GSE7390","Breast Cancer","DSS","not stated","not stated","not stated","Unknown","Unknown","Unknown","Unknown","not stated","Absent","data/dataset_info.csv","no DSS endpoint annotated for this cohort (EP_DSS is NA in the catalog)"
"GSE7390","Breast Cancer","DFS","RFS","contributing","RFS_status + RFS_time","Unknown","Unknown","Unknown","Unknown","no","Clinically-related","data/dataset_info.csv; data/processed/surv/GSE7390_surv.rds (columns RFS_status, RFS_time)",""
"GSE7390","Breast Cancer","PFS","not stated","not stated","not stated","Unknown","Unknown","Unknown","Unknown","not stated","Absent","data/dataset_info.csv","no PFS endpoint annotated for this cohort (EP_PFS is NA in the catalog)"
"GSE7390","Breast Cancer","MFS","MFS","contributing","MFS_status + MFS_time","Unknown","Unknown","Unknown","Unknown","no","Exact-equivalent","data/dataset_info.csv; data/processed/surv/GSE7390_surv.rds (columns MFS_status, MFS_time)",""
"GSE7849","Breast Cancer","OS","not stated","not stated","not stated","Unknown","Unknown","Unknown","Unknown","not stated","Absent","data/dataset_info.csv","no OS endpoint annotated for this cohort (EP_OS is NA in the catalog)"
"GSE7849","Breast Cancer","DSS","not stated","not stated","not stated","Unknown","Unknown","Unknown","Unknown","not stated","Absent","data/dataset_info.csv","no DSS endpoint annotated for this cohort (EP_DSS is NA in the catalog)"
"GSE7849","Breast Cancer","DFS","DFS","primary","DFS_status + DFS_time","Unknown","Unknown","Unknown","Unknown","no","Exact-equivalent","data/dataset_info.csv; data/processed/surv/GSE7849_surv.rds (columns DFS_status, DFS_time)",""
"GSE7849","Breast Cancer","PFS","not stated","not stated","not stated","Unknown","Unknown","Unknown","Unknown","not stated","Absent","data/dataset_info.csv","no PFS endpoint annotated for this cohort (EP_PFS is NA in the catalog)"
"GSE7849","Breast Cancer","MFS","not stated","not stated","not stated","Unknown","Unknown","Unknown","Unknown","not stated","Absent","data/dataset_info.csv","no MFS endpoint annotated for this cohort (EP_MFS is NA in the catalog)"
"GSE86166","Breast Cancer","OS","OS","primary","OS_status + OS_time","Unknown","Unknown","Unknown","Unknown","no","Exact-equivalent","data/dataset_info.csv; data/processed/surv/GSE86166_surv.rds (columns OS_status, OS_time)",""
"GSE86166","Breast Cancer","DSS","not stated","not stated","not stated","Unknown","Unknown","Unknown","Unknown","not stated","Absent","data/dataset_info.csv","no DSS endpoint annotated for this cohort (EP_DSS is NA in the catalog)"
"GSE86166","Breast Cancer","DFS","RFS","contributing","RFS_status + RFS_time","Unknown","Unknown","Unknown","Unknown","no","Clinically-related","data/dataset_info.csv; data/processed/surv/GSE86166_surv.rds (columns RFS_status, RFS_time)",""
"GSE86166","Breast Cancer","PFS","not stated","not stated","not stated","Unknown","Unknown","Unknown","Unknown","not stated","Absent","data/dataset_info.csv","no PFS endpoint annotated for this cohort (EP_PFS is NA in the catalog)"
"GSE86166","Breast Cancer","MFS","not stated","not stated","not stated","Unknown","Unknown","Unknown","Unknown","not stated","Absent","data/dataset_info.csv","no MFS endpoint annotated for this cohort (EP_MFS is NA in the catalog)"
"GSE9195","Breast Cancer","OS","not stated","not stated","not stated","Unknown","Unknown","Unknown","Unknown","not stated","Absent","data/dataset_info.csv","no OS endpoint annotated for this cohort (EP_OS is NA in the catalog)"
"GSE9195","Breast Cancer","DSS","not stated","not stated","not stated","Unknown","Unknown","Unknown","Unknown","not stated","Absent","data/dataset_info.csv","no DSS endpoint annotated for this cohort (EP_DSS is NA in the catalog)"
"GSE9195","Breast Cancer","DFS","RFS","primary","e.rfs + t.rfs","Unknown","Unknown","Unknown","Unknown","no","Clinically-related","data/dataset_info.csv; data/processed/surv/GSE9195_surv.rds (columns RFS_status, RFS_time); pipeline/R/03_surv_table.R","source time unit: day (converted to years)"
"GSE9195","Breast Cancer","PFS","not stated","not stated","not stated","Unknown","Unknown","Unknown","Unknown","not stated","Absent","data/dataset_info.csv","no PFS endpoint annotated for this cohort (EP_PFS is NA in the catalog)"
"GSE9195","Breast Cancer","MFS","MFS","contributing","e.dmfs + t.dmfs","Unknown","Unknown","Unknown","Unknown","no","Exact-equivalent","data/dataset_info.csv; data/processed/surv/GSE9195_surv.rds (columns MFS_status, MFS_time); pipeline/R/03_surv_table.R","source time unit: day (converted to years)"
"GSE9893","Breast Cancer","OS","not stated","not stated","not stated","Unknown","Unknown","Unknown","Unknown","not stated","Absent","data/dataset_info.csv","no OS endpoint annotated for this cohort (EP_OS is NA in the catalog)"
"GSE9893","Breast Cancer","DSS","not stated","not stated","not stated","Unknown","Unknown","Unknown","Unknown","not stated","Absent","data/dataset_info.csv","no DSS endpoint annotated for this cohort (EP_DSS is NA in the catalog)"
"GSE9893","Breast Cancer","DFS","RFS","primary","RFS_status + RFS_time","Unknown","Unknown","Unknown","Unknown","no","Clinically-related","data/dataset_info.csv; data/processed/surv/GSE9893_surv.rds (columns RFS_status, RFS_time)",""
"GSE9893","Breast Cancer","PFS","not stated","not stated","not stated","Unknown","Unknown","Unknown","Unknown","not stated","Absent","data/dataset_info.csv","no PFS endpoint annotated for this cohort (EP_PFS is NA in the catalog)"
"GSE9893","Breast Cancer","MFS","not stated","not stated","not stated","Unknown","Unknown","Unknown","Unknown","not stated","Absent","data/dataset_info.csv","no MFS endpoint annotated for this cohort (EP_MFS is NA in the catalog)"
"GSE158309","Breast Cancer","OS","not stated","not stated","not stated","Unknown","Unknown","Unknown","Unknown","not stated","Absent","data/dataset_info.csv","no OS endpoint annotated for this cohort (EP_OS is NA in the catalog)"
"GSE158309","Breast Cancer","DSS","not stated","not stated","not stated","Unknown","Unknown","Unknown","Unknown","not stated","Absent","data/dataset_info.csv","no DSS endpoint annotated for this cohort (EP_DSS is NA in the catalog)"
"GSE158309","Breast Cancer","DFS","not stated","not stated","not stated","Unknown","Unknown","Unknown","Unknown","not stated","Absent","data/dataset_info.csv","no DFS endpoint annotated for this cohort (EP_DFS is NA in the catalog)"
"GSE158309","Breast Cancer","PFS","not stated","not stated","not stated","Unknown","Unknown","Unknown","Unknown","not stated","Absent","data/dataset_info.csv","no PFS endpoint annotated for this cohort (EP_PFS is NA in the catalog)"
"GSE158309","Breast Cancer","MFS","MFS","primary","MFS_status + MFS_time","Unknown","Unknown","Unknown","Unknown","no","Exact-equivalent","data/dataset_info.csv; data/processed/surv/GSE158309_surv.rds (columns MFS_status, MFS_time)",""
"GSE11121","Breast Cancer","OS","not stated","not stated","not stated","Unknown","Unknown","Unknown","Unknown","not stated","Absent","data/dataset_info.csv","no OS endpoint annotated for this cohort (EP_OS is NA in the catalog)"
"GSE11121","Breast Cancer","DSS","not stated","not stated","not stated","Unknown","Unknown","Unknown","Unknown","not stated","Absent","data/dataset_info.csv","no DSS endpoint annotated for this cohort (EP_DSS is NA in the catalog)"
"GSE11121","Breast Cancer","DFS","not stated","not stated","not stated","Unknown","Unknown","Unknown","Unknown","not stated","Absent","data/dataset_info.csv","no DFS endpoint annotated for this cohort (EP_DFS is NA in the catalog)"
"GSE11121","Breast Cancer","PFS","not stated","not stated","not stated","Unknown","Unknown","Unknown","Unknown","not stated","Absent","data/dataset_info.csv","no PFS endpoint annotated for this cohort (EP_PFS is NA in the catalog)"
"GSE11121","Breast Cancer","MFS","MFS","primary","MFS_status + MFS_time","Unknown","Unknown","Unknown","Unknown","no","Exact-equivalent","data/dataset_info.csv; data/processed/surv/GSE11121_surv.rds (columns MFS_status, MFS_time)",""
"GSE16560","Prostate Cancer","OS","OS","primary","OS_status + OS_time","Unknown","Unknown","Unknown","Unknown","no","Exact-equivalent","data/dataset_info.csv; data/processed/surv/GSE16560_surv.rds (columns OS_status, OS_time)",""
"GSE16560","Prostate Cancer","DSS","not stated","not stated","not stated","Unknown","Unknown","Unknown","Unknown","not stated","Absent","data/dataset_info.csv","no DSS endpoint annotated for this cohort (EP_DSS is NA in the catalog)"
"GSE16560","Prostate Cancer","DFS","not stated","not stated","not stated","Unknown","Unknown","Unknown","Unknown","not stated","Absent","data/dataset_info.csv","no DFS endpoint annotated for this cohort (EP_DFS is NA in the catalog)"
"GSE16560","Prostate Cancer","PFS","not stated","not stated","not stated","Unknown","Unknown","Unknown","Unknown","not stated","Absent","data/dataset_info.csv","no PFS endpoint annotated for this cohort (EP_PFS is NA in the catalog)"
"GSE16560","Prostate Cancer","MFS","not stated","not stated","not stated","Unknown","Unknown","Unknown","Unknown","not stated","Absent","data/dataset_info.csv","no MFS endpoint annotated for this cohort (EP_MFS is NA in the catalog)"
"GSE116918","Prostate Cancer","OS","not stated","not stated","not stated","Unknown","Unknown","Unknown","Unknown","not stated","Absent","data/dataset_info.csv","no OS endpoint annotated for this cohort (EP_OS is NA in the catalog)"
"GSE116918","Prostate Cancer","DSS","not stated","not stated","not stated","Unknown","Unknown","Unknown","Unknown","not stated","Absent","data/dataset_info.csv","no DSS endpoint annotated for this cohort (EP_DSS is NA in the catalog)"
"GSE116918","Prostate Cancer","DFS","RFS","primary","RFS_status + RFS_time","Unknown","Unknown","Unknown","Unknown","no","Clinically-related","data/dataset_info.csv; data/processed/surv/GSE116918_surv.rds (columns RFS_status, RFS_time)",""
"GSE116918","Prostate Cancer","PFS","not stated","not stated","not stated","Unknown","Unknown","Unknown","Unknown","not stated","Absent","data/dataset_info.csv","no PFS endpoint annotated for this cohort (EP_PFS is NA in the catalog)"
"GSE116918","Prostate Cancer","MFS","MFS","contributing","MFS_status + MFS_time","Unknown","Unknown","Unknown","Unknown","no","Exact-equivalent","data/dataset_info.csv; data/processed/surv/GSE116918_surv.rds (columns MFS_status, MFS_time)",""
"GSE46602","Prostate Cancer","OS","not stated","not stated","not stated","Unknown","Unknown","Unknown","Unknown","not stated","Absent","data/dataset_info.csv","no OS endpoint annotated for this cohort (EP_OS is NA in the catalog)"
"GSE46602","Prostate Cancer","DSS","not stated","not stated","not stated","Unknown","Unknown","Unknown","Unknown","not stated","Absent","data/dataset_info.csv","no DSS endpoint annotated for this cohort (EP_DSS is NA in the catalog)"
"GSE46602","Prostate Cancer","DFS","RFS","primary","bcr + bcr_free_time","Unknown","Unknown","Unknown","Unknown","no","Clinically-related","data/dataset_info.csv; data/processed/surv/GSE46602_surv.rds (columns RFS_status, RFS_time); pipeline/R/03_surv_table.R","source time unit: month (converted to years)"
"GSE46602","Prostate Cancer","PFS","not stated","not stated","not stated","Unknown","Unknown","Unknown","Unknown","not stated","Absent","data/dataset_info.csv","no PFS endpoint annotated for this cohort (EP_PFS is NA in the catalog)"
"GSE46602","Prostate Cancer","MFS","not stated","not stated","not stated","Unknown","Unknown","Unknown","Unknown","not stated","Absent","data/dataset_info.csv","no MFS endpoint annotated for this cohort (EP_MFS is NA in the catalog)"
"GSE40272_GPL15973","Prostate Cancer","OS","not stated","not stated","not stated","Unknown","Unknown","Unknown","Unknown","not stated","Absent","data/dataset_info.csv","no OS endpoint annotated for this cohort (EP_OS is NA in the catalog)"
"GSE40272_GPL15973","Prostate Cancer","DSS","not stated","not stated","not stated","Unknown","Unknown","Unknown","Unknown","not stated","Absent","data/dataset_info.csv","no DSS endpoint annotated for this cohort (EP_DSS is NA in the catalog)"
"GSE40272_GPL15973","Prostate Cancer","DFS","DFS","primary","DFS_status + DFS_time","Unknown","Unknown","Unknown","Unknown","no","Exact-equivalent","data/dataset_info.csv; data/processed/surv/GSE40272-GPL15973_surv.rds (columns DFS_status, DFS_time)",""
"GSE40272_GPL15973","Prostate Cancer","PFS","not stated","not stated","not stated","Unknown","Unknown","Unknown","Unknown","not stated","Absent","data/dataset_info.csv","no PFS endpoint annotated for this cohort (EP_PFS is NA in the catalog)"
"GSE40272_GPL15973","Prostate Cancer","MFS","not stated","not stated","not stated","Unknown","Unknown","Unknown","Unknown","not stated","Absent","data/dataset_info.csv","no MFS endpoint annotated for this cohort (EP_MFS is NA in the catalog)"
"GSE54460","Prostate Cancer","OS","not stated","not stated","not stated","Unknown","Unknown","Unknown","Unknown","not stated","Absent","data/dataset_info.csv","no OS endpoint annotated for this cohort (EP_OS is NA in the catalog)"
"GSE54460","Prostate Cancer","DSS","not stated","not stated","not stated","Unknown","Unknown","Unknown","Unknown","not stated","Absent","data/dataset_info.csv","no DSS endpoint annotated for this cohort (EP_DSS is NA in the catalog)"
"GSE54460","Prostate Cancer","DFS","RFS","primary","RFS_status + RFS_time","Unknown","Unknown","Unknown","Unknown","no","Clinically-related","data/dataset_info.csv; data/processed/surv/GSE54460_surv.rds (columns RFS_status, RFS_time)",""
"GSE54460","Prostate Cancer","PFS","not stated","not stated","not stated","Unknown","Unknown","Unknown","Unknown","not stated","Absent","data/dataset_info.csv","no PFS endpoint annotated for this cohort (EP_PFS is NA in the catalog)"
"GSE54460","Prostate Cancer","MFS","not stated","not stated","not stated","Unknown","Unknown","Unknown","Unknown","not stated","Absent","data/dataset_info.csv","no MFS endpoint annotated for this cohort (EP_MFS is NA in the catalog)"
"GSE70769","Prostate Cancer","OS","not stated","not stated","not stated","Unknown","Unknown","Unknown","Unknown","not stated","Absent","data/dataset_info.csv","no OS endpoint annotated for this cohort (EP_OS is NA in the catalog)"
"GSE70769","Prostate Cancer","DSS","not stated","not stated","not stated","Unknown","Unknown","Unknown","Unknown","not stated","Absent","data/dataset_info.csv","no DSS endpoint annotated for this cohort (EP_DSS is NA in the catalog)"
"GSE70769","Prostate Cancer","DFS","RFS","primary","RFS_status + RFS_time","Unknown","Unknown","Unknown","Unknown","no","Clinically-related","data/dataset_info.csv; data/processed/surv/GSE70769_surv.rds (columns RFS_status, RFS_time)",""
"GSE70769","Prostate Cancer","PFS","not stated","not stated","not stated","Unknown","Unknown","Unknown","Unknown","not stated","Absent","data/dataset_info.csv","no PFS endpoint annotated for this cohort (EP_PFS is NA in the catalog)"
"GSE70769","Prostate Cancer","MFS","not stated","not stated","not stated","Unknown","Unknown","Unknown","Unknown","not stated","Absent","data/dataset_info.csv","no MFS endpoint annotated for this cohort (EP_MFS is NA in the catalog)"
"GSE70768","Prostate Cancer","OS","not stated","not stated","not stated","Unknown","Unknown","Unknown","Unknown","not stated","Absent","data/dataset_info.csv","no OS endpoint annotated for this cohort (EP_OS is NA in the catalog)"
"GSE70768","Prostate Cancer","DSS","not stated","not stated","not stated","Unknown","Unknown","Unknown","Unknown","not stated","Absent","data/dataset_info.csv","no DSS endpoint annotated for this cohort (EP_DSS is NA in the catalog)"
"GSE70768","Prostate Cancer","DFS","RFS","primary","RFS_status + RFS_time","Unknown","Unknown","Unknown","Unknown","no","Clinically-related","data/dataset_info.csv; data/processed/surv/GSE70768_surv.rds (columns RFS_status, RFS_time)",""
"GSE70768","Prostate Cancer","PFS","not stated","not stated","not stated","Unknown","Unknown","Unknown","Unknown","not stated","Absent","data/dataset_info.csv","no PFS endpoint annotated for this cohort (EP_PFS is NA in the catalog)"
"GSE70768","Prostate Cancer","MFS","not stated","not stated","not stated","Unknown","Unknown","Unknown","Unknown","not stated","Absent","data/dataset_info.csv","no MFS endpoint annotated for this cohort (EP_MFS is NA in the catalog)"
"GSE21034_GPL10264","Prostate Cancer","OS","OS","primary","OS_status + OS_time","Unknown","Unknown","Unknown","Unknown","no","Exact-equivalent","data/dataset_info.csv; data/processed/surv/GSE21034-GPL10264_surv.rds (columns OS_status, OS_time)",""
"GSE21034_GPL10264","Prostate Cancer","DSS","not stated","not stated","not stated","Unknown","Unknown","Unknown","Unknown","not stated","Absent","data/dataset_info.csv","no DSS endpoint annotated for this cohort (EP_DSS is NA in the catalog)"
"GSE21034_GPL10264","Prostate Cancer","DFS","RFS","contributing","RFS_status + RFS_time","Unknown","Unknown","Unknown","Unknown","no","Clinically-related","data/dataset_info.csv; data/processed/surv/GSE21034-GPL10264_surv.rds (columns RFS_status, RFS_time)",""
"GSE21034_GPL10264","Prostate Cancer","PFS","not stated","not stated","not stated","Unknown","Unknown","Unknown","Unknown","not stated","Absent","data/dataset_info.csv","no PFS endpoint annotated for this cohort (EP_PFS is NA in the catalog)"
"GSE21034_GPL10264","Prostate Cancer","MFS","not stated","not stated","not stated","Unknown","Unknown","Unknown","Unknown","not stated","Absent","data/dataset_info.csv","no MFS endpoint annotated for this cohort (EP_MFS is NA in the catalog)"
"GSE21034_GPL5188","Prostate Cancer","OS","OS","primary","OS_status + OS_time","Unknown","Unknown","Unknown","Unknown","no","Exact-equivalent","data/dataset_info.csv; data/processed/surv/GSE21034-GPL5188_surv.rds (columns OS_status, OS_time)",""
"GSE21034_GPL5188","Prostate Cancer","DSS","not stated","not stated","not stated","Unknown","Unknown","Unknown","Unknown","not stated","Absent","data/dataset_info.csv","no DSS endpoint annotated for this cohort (EP_DSS is NA in the catalog)"
"GSE21034_GPL5188","Prostate Cancer","DFS","RFS","contributing","RFS_status + RFS_time","Unknown","Unknown","Unknown","Unknown","no","Clinically-related","data/dataset_info.csv; data/processed/surv/GSE21034-GPL5188_surv.rds (columns RFS_status, RFS_time)",""
"GSE21034_GPL5188","Prostate Cancer","PFS","not stated","not stated","not stated","Unknown","Unknown","Unknown","Unknown","not stated","Absent","data/dataset_info.csv","no PFS endpoint annotated for this cohort (EP_PFS is NA in the catalog)"
"GSE21034_GPL5188","Prostate Cancer","MFS","not stated","not stated","not stated","Unknown","Unknown","Unknown","Unknown","not stated","Absent","data/dataset_info.csv","no MFS endpoint annotated for this cohort (EP_MFS is NA in the catalog)"
"GSE15459","Gastric Cancer","OS","OS","primary","OS_status + OS_time","Unknown","Unknown","Unknown","Unknown","no","Exact-equivalent","data/dataset_info.csv; data/processed/surv/GSE15459_surv.rds (columns OS_status, OS_time)",""
"GSE15459","Gastric Cancer","DSS","not stated","not stated","not stated","Unknown","Unknown","Unknown","Unknown","not stated","Absent","data/dataset_info.csv","no DSS endpoint annotated for this cohort (EP_DSS is NA in the catalog)"
"GSE15459","Gastric Cancer","DFS","not stated","not stated","not stated","Unknown","Unknown","Unknown","Unknown","not stated","Absent","data/dataset_info.csv","no DFS endpoint annotated for this cohort (EP_DFS is NA in the catalog)"
"GSE15459","Gastric Cancer","PFS","not stated","not stated","not stated","Unknown","Unknown","Unknown","Unknown","not stated","Absent","data/dataset_info.csv","no PFS endpoint annotated for this cohort (EP_PFS is NA in the catalog)"
"GSE15459","Gastric Cancer","MFS","not stated","not stated","not stated","Unknown","Unknown","Unknown","Unknown","not stated","Absent","data/dataset_info.csv","no MFS endpoint annotated for this cohort (EP_MFS is NA in the catalog)"
"GSE62254","Gastric Cancer","OS","OS","primary","OS_status + OS_time","Unknown","Unknown","Unknown","Unknown","no","Exact-equivalent","data/dataset_info.csv; data/processed/surv/GSE62254_surv.rds (columns OS_status, OS_time)",""
"GSE62254","Gastric Cancer","DSS","not stated","not stated","not stated","Unknown","Unknown","Unknown","Unknown","not stated","Absent","data/dataset_info.csv","no DSS endpoint annotated for this cohort (EP_DSS is NA in the catalog)"
"GSE62254","Gastric Cancer","DFS","DFS","contributing","DFS_status + DFS_time","Unknown","Unknown","Unknown","Unknown","no","Exact-equivalent","data/dataset_info.csv; data/processed/surv/GSE62254_surv.rds (columns DFS_status, DFS_time)",""
"GSE62254","Gastric Cancer","PFS","not stated","not stated","not stated","Unknown","Unknown","Unknown","Unknown","not stated","Absent","data/dataset_info.csv","no PFS endpoint annotated for this cohort (EP_PFS is NA in the catalog)"
"GSE62254","Gastric Cancer","MFS","not stated","not stated","not stated","Unknown","Unknown","Unknown","Unknown","not stated","Absent","data/dataset_info.csv","no MFS endpoint annotated for this cohort (EP_MFS is NA in the catalog)"
"GSE84426","Gastric Cancer","OS","OS","primary","death + duration overall survival","Unknown","Unknown","Unknown","Unknown","no","Exact-equivalent","data/dataset_info.csv; data/processed/surv/GSE84426_surv.rds (columns OS_status, OS_time); pipeline/R/03_surv_table.R","source time unit: month (converted to years)"
"GSE84426","Gastric Cancer","DSS","not stated","not stated","not stated","Unknown","Unknown","Unknown","Unknown","not stated","Absent","data/dataset_info.csv","no DSS endpoint annotated for this cohort (EP_DSS is NA in the catalog)"
"GSE84426","Gastric Cancer","DFS","not stated","not stated","not stated","Unknown","Unknown","Unknown","Unknown","not stated","Absent","data/dataset_info.csv","no DFS endpoint annotated for this cohort (EP_DFS is NA in the catalog)"
"GSE84426","Gastric Cancer","PFS","not stated","not stated","not stated","Unknown","Unknown","Unknown","Unknown","not stated","Absent","data/dataset_info.csv","no PFS endpoint annotated for this cohort (EP_PFS is NA in the catalog)"
"GSE84426","Gastric Cancer","MFS","not stated","not stated","not stated","Unknown","Unknown","Unknown","Unknown","not stated","Absent","data/dataset_info.csv","no MFS endpoint annotated for this cohort (EP_MFS is NA in the catalog)"
"GSE84433","Gastric Cancer","OS","OS","primary","OS_status + OS_time","Unknown","Unknown","Unknown","Unknown","no","Exact-equivalent","data/dataset_info.csv; data/processed/surv/GSE84433_surv.rds (columns OS_status, OS_time)",""
"GSE84433","Gastric Cancer","DSS","not stated","not stated","not stated","Unknown","Unknown","Unknown","Unknown","not stated","Absent","data/dataset_info.csv","no DSS endpoint annotated for this cohort (EP_DSS is NA in the catalog)"
"GSE84433","Gastric Cancer","DFS","not stated","not stated","not stated","Unknown","Unknown","Unknown","Unknown","not stated","Absent","data/dataset_info.csv","no DFS endpoint annotated for this cohort (EP_DFS is NA in the catalog)"
"GSE84433","Gastric Cancer","PFS","not stated","not stated","not stated","Unknown","Unknown","Unknown","Unknown","not stated","Absent","data/dataset_info.csv","no PFS endpoint annotated for this cohort (EP_PFS is NA in the catalog)"
"GSE84433","Gastric Cancer","MFS","not stated","not stated","not stated","Unknown","Unknown","Unknown","Unknown","not stated","Absent","data/dataset_info.csv","no MFS endpoint annotated for this cohort (EP_MFS is NA in the catalog)"
"GSE29272","Gastric Cancer","OS","OS","primary","OS_status + OS_time","Unknown","Unknown","Unknown","Unknown","no","Exact-equivalent","data/dataset_info.csv; data/processed/surv/GSE29272_surv.rds (columns OS_status, OS_time)",""
"GSE29272","Gastric Cancer","DSS","not stated","not stated","not stated","Unknown","Unknown","Unknown","Unknown","not stated","Absent","data/dataset_info.csv","no DSS endpoint annotated for this cohort (EP_DSS is NA in the catalog)"
"GSE29272","Gastric Cancer","DFS","not stated","not stated","not stated","Unknown","Unknown","Unknown","Unknown","not stated","Absent","data/dataset_info.csv","no DFS endpoint annotated for this cohort (EP_DFS is NA in the catalog)"
"GSE29272","Gastric Cancer","PFS","not stated","not stated","not stated","Unknown","Unknown","Unknown","Unknown","not stated","Absent","data/dataset_info.csv","no PFS endpoint annotated for this cohort (EP_PFS is NA in the catalog)"
"GSE29272","Gastric Cancer","MFS","not stated","not stated","not stated","Unknown","Unknown","Unknown","Unknown","not stated","Absent","data/dataset_info.csv","no MFS endpoint annotated for this cohort (EP_MFS is NA in the catalog)"
"GSE26253","Gastric Cancer","OS","not stated","not stated","not stated","Unknown","Unknown","Unknown","Unknown","not stated","Absent","data/dataset_info.csv","no OS endpoint annotated for this cohort (EP_OS is NA in the catalog)"
"GSE26253","Gastric Cancer","DSS","not stated","not stated","not stated","Unknown","Unknown","Unknown","Unknown","not stated","Absent","data/dataset_info.csv","no DSS endpoint annotated for this cohort (EP_DSS is NA in the catalog)"
"GSE26253","Gastric Cancer","DFS","RFS","primary","RFS_status + RFS_time","Unknown","Unknown","Unknown","Unknown","no","Clinically-related","data/dataset_info.csv; data/processed/surv/GSE26253_surv.rds (columns RFS_status, RFS_time)",""
"GSE26253","Gastric Cancer","PFS","not stated","not stated","not stated","Unknown","Unknown","Unknown","Unknown","not stated","Absent","data/dataset_info.csv","no PFS endpoint annotated for this cohort (EP_PFS is NA in the catalog)"
"GSE26253","Gastric Cancer","MFS","not stated","not stated","not stated","Unknown","Unknown","Unknown","Unknown","not stated","Absent","data/dataset_info.csv","no MFS endpoint annotated for this cohort (EP_MFS is NA in the catalog)"
"GSE26942","Gastric Cancer","OS","OS","primary","OS_status + OS_time","Unknown","Unknown","Unknown","Unknown","no","Exact-equivalent","data/dataset_info.csv; data/processed/surv/GSE26942_surv.rds (columns OS_status, OS_time)",""
"GSE26942","Gastric Cancer","DSS","not stated","not stated","not stated","Unknown","Unknown","Unknown","Unknown","not stated","Absent","data/dataset_info.csv","no DSS endpoint annotated for this cohort (EP_DSS is NA in the catalog)"
"GSE26942","Gastric Cancer","DFS","RFS","contributing","RFS_status + RFS_time","Unknown","Unknown","Unknown","Unknown","no","Clinically-related","data/dataset_info.csv; data/processed/surv/GSE26942_surv.rds (columns RFS_status, RFS_time)",""
"GSE26942","Gastric Cancer","PFS","not stated","not stated","not stated","Unknown","Unknown","Unknown","Unknown","not stated","Absent","data/dataset_info.csv","no PFS endpoint annotated for this cohort (EP_PFS is NA in the catalog)"
"GSE26942","Gastric Cancer","MFS","not stated","not stated","not stated","Unknown","Unknown","Unknown","Unknown","not stated","Absent","data/dataset_info.csv","no MFS endpoint annotated for this cohort (EP_MFS is NA in the catalog)"
"GSE26712","Ovarian Cancer","OS","OS","primary","OS_status + OS_time","Unknown","Unknown","Unknown","Unknown","no","Exact-equivalent","data/dataset_info.csv; data/processed/surv/GSE26712_surv.rds (columns OS_status, OS_time)",""
"GSE26712","Ovarian Cancer","DSS","not stated","not stated","not stated","Unknown","Unknown","Unknown","Unknown","not stated","Absent","data/dataset_info.csv","no DSS endpoint annotated for this cohort (EP_DSS is NA in the catalog)"
"GSE26712","Ovarian Cancer","DFS","not stated","not stated","not stated","Unknown","Unknown","Unknown","Unknown","not stated","Absent","data/dataset_info.csv","no DFS endpoint annotated for this cohort (EP_DFS is NA in the catalog)"
"GSE26712","Ovarian Cancer","PFS","not stated","not stated","not stated","Unknown","Unknown","Unknown","Unknown","not stated","Absent","data/dataset_info.csv","no PFS endpoint annotated for this cohort (EP_PFS is NA in the catalog)"
"GSE26712","Ovarian Cancer","MFS","not stated","not stated","not stated","Unknown","Unknown","Unknown","Unknown","not stated","Absent","data/dataset_info.csv","no MFS endpoint annotated for this cohort (EP_MFS is NA in the catalog)"
"GSE32062_GPL6480","Ovarian Cancer","OS","OS","primary","OS_status + OS_time","Unknown","Unknown","Unknown","Unknown","no","Exact-equivalent","data/dataset_info.csv; data/processed/surv/GSE32062-GPL6480_surv.rds (columns OS_status, OS_time)",""
"GSE32062_GPL6480","Ovarian Cancer","DSS","not stated","not stated","not stated","Unknown","Unknown","Unknown","Unknown","not stated","Absent","data/dataset_info.csv","no DSS endpoint annotated for this cohort (EP_DSS is NA in the catalog)"
"GSE32062_GPL6480","Ovarian Cancer","DFS","not stated","not stated","not stated","Unknown","Unknown","Unknown","Unknown","not stated","Absent","data/dataset_info.csv","no DFS endpoint annotated for this cohort (EP_DFS is NA in the catalog)"
"GSE32062_GPL6480","Ovarian Cancer","PFS","PFS","contributing","PFS_status + PFS_time","Unknown","Unknown","Unknown","Unknown","no","Exact-equivalent","data/dataset_info.csv; data/processed/surv/GSE32062-GPL6480_surv.rds (columns PFS_status, PFS_time)",""
"GSE32062_GPL6480","Ovarian Cancer","MFS","not stated","not stated","not stated","Unknown","Unknown","Unknown","Unknown","not stated","Absent","data/dataset_info.csv","no MFS endpoint annotated for this cohort (EP_MFS is NA in the catalog)"
"GSE49997","Ovarian Cancer","OS","OS","primary","OS_status + OS_time","Unknown","Unknown","Unknown","Unknown","no","Exact-equivalent","data/dataset_info.csv; data/processed/surv/GSE49997_surv.rds (columns OS_status, OS_time)",""
"GSE49997","Ovarian Cancer","DSS","not stated","not stated","not stated","Unknown","Unknown","Unknown","Unknown","not stated","Absent","data/dataset_info.csv","no DSS endpoint annotated for this cohort (EP_DSS is NA in the catalog)"
"GSE49997","Ovarian Cancer","DFS","not stated","not stated","not stated","Unknown","Unknown","Unknown","Unknown","not stated","Absent","data/dataset_info.csv","no DFS endpoint annotated for this cohort (EP_DFS is NA in the catalog)"
"GSE49997","Ovarian Cancer","PFS","PFS","contributing","PFS_status + PFS_time","Unknown","Unknown","Unknown","Unknown","no","Exact-equivalent","data/dataset_info.csv; data/processed/surv/GSE49997_surv.rds (columns PFS_status, PFS_time)",""
"GSE49997","Ovarian Cancer","MFS","not stated","not stated","not stated","Unknown","Unknown","Unknown","Unknown","not stated","Absent","data/dataset_info.csv","no MFS endpoint annotated for this cohort (EP_MFS is NA in the catalog)"
"GSE140082","Ovarian Cancer","OS","OS","primary","OS_status + OS_time","Unknown","Unknown","Unknown","Unknown","no","Exact-equivalent","data/dataset_info.csv; data/processed/surv/GSE140082_surv.rds (columns OS_status, OS_time)",""
"GSE140082","Ovarian Cancer","DSS","not stated","not stated","not stated","Unknown","Unknown","Unknown","Unknown","not stated","Absent","data/dataset_info.csv","no DSS endpoint annotated for this cohort (EP_DSS is NA in the catalog)"
"GSE140082","Ovarian Cancer","DFS","not stated","not stated","not stated","Unknown","Unknown","Unknown","Unknown","not stated","Absent","data/dataset_info.csv","no DFS endpoint annotated for this cohort (EP_DFS is NA in the catalog)"
"GSE140082","Ovarian Cancer","PFS","PFS","contributing","PFS_status + PFS_time","Unknown","Unknown","Unknown","Unknown","no","Exact-equivalent","data/dataset_info.csv; data/processed/surv/GSE140082_surv.rds (columns PFS_status, PFS_time)",""
"GSE140082","Ovarian Cancer","MFS","not stated","not stated","not stated","Unknown","Unknown","Unknown","Unknown","not stated","Absent","data/dataset_info.csv","no MFS endpoint annotated for this cohort (EP_MFS is NA in the catalog)"
"GSE17260","Ovarian Cancer","OS","OS","primary","OS_status + OS_time","Unknown","Unknown","Unknown","Unknown","no","Exact-equivalent","data/dataset_info.csv; data/processed/surv/GSE17260_surv.rds (columns OS_status, OS_time)",""
"GSE17260","Ovarian Cancer","DSS","not stated","not stated","not stated","Unknown","Unknown","Unknown","Unknown","not stated","Absent","data/dataset_info.csv","no DSS endpoint annotated for this cohort (EP_DSS is NA in the catalog)"
"GSE17260","Ovarian Cancer","DFS","not stated","not stated","not stated","Unknown","Unknown","Unknown","Unknown","not stated","Absent","data/dataset_info.csv","no DFS endpoint annotated for this cohort (EP_DFS is NA in the catalog)"
"GSE17260","Ovarian Cancer","PFS","PFS","contributing","PFS_status + PFS_time","Unknown","Unknown","Unknown","Unknown","no","Exact-equivalent","data/dataset_info.csv; data/processed/surv/GSE17260_surv.rds (columns PFS_status, PFS_time)",""
"GSE17260","Ovarian Cancer","MFS","not stated","not stated","not stated","Unknown","Unknown","Unknown","Unknown","not stated","Absent","data/dataset_info.csv","no MFS endpoint annotated for this cohort (EP_MFS is NA in the catalog)"
"GSE63885","Ovarian Cancer","OS","OS","primary","OS_status + OS_time","Unknown","Unknown","Unknown","Unknown","no","Exact-equivalent","data/dataset_info.csv; data/processed/surv/GSE63885_surv.rds (columns OS_status, OS_time)",""
"GSE63885","Ovarian Cancer","DSS","not stated","not stated","not stated","Unknown","Unknown","Unknown","Unknown","not stated","Absent","data/dataset_info.csv","no DSS endpoint annotated for this cohort (EP_DSS is NA in the catalog)"
"GSE63885","Ovarian Cancer","DFS","DFS","contributing","DFS_status + DFS_time","Unknown","Unknown","Unknown","Unknown","no","Exact-equivalent","data/dataset_info.csv; data/processed/surv/GSE63885_surv.rds (columns DFS_status, DFS_time)",""
"GSE63885","Ovarian Cancer","PFS","not stated","not stated","not stated","Unknown","Unknown","Unknown","Unknown","not stated","Absent","data/dataset_info.csv","no PFS endpoint annotated for this cohort (EP_PFS is NA in the catalog)"
"GSE63885","Ovarian Cancer","MFS","not stated","not stated","not stated","Unknown","Unknown","Unknown","Unknown","not stated","Absent","data/dataset_info.csv","no MFS endpoint annotated for this cohort (EP_MFS is NA in the catalog)"
"GSE53963","Ovarian Cancer","OS","OS","primary","OS_status + OS_time","Unknown","Unknown","Unknown","Unknown","no","Exact-equivalent","data/dataset_info.csv; data/processed/surv/GSE53963_surv.rds (columns OS_status, OS_time)",""
"GSE53963","Ovarian Cancer","DSS","not stated","not stated","not stated","Unknown","Unknown","Unknown","Unknown","not stated","Absent","data/dataset_info.csv","no DSS endpoint annotated for this cohort (EP_DSS is NA in the catalog)"
"GSE53963","Ovarian Cancer","DFS","not stated","not stated","not stated","Unknown","Unknown","Unknown","Unknown","not stated","Absent","data/dataset_info.csv","no DFS endpoint annotated for this cohort (EP_DFS is NA in the catalog)"
"GSE53963","Ovarian Cancer","PFS","not stated","not stated","not stated","Unknown","Unknown","Unknown","Unknown","not stated","Absent","data/dataset_info.csv","no PFS endpoint annotated for this cohort (EP_PFS is NA in the catalog)"
"GSE53963","Ovarian Cancer","MFS","not stated","not stated","not stated","Unknown","Unknown","Unknown","Unknown","not stated","Absent","data/dataset_info.csv","no MFS endpoint annotated for this cohort (EP_MFS is NA in the catalog)"
"GSE26193","Ovarian Cancer","OS","OS","primary","OS_status + OS_time","Unknown","Unknown","Unknown","Unknown","no","Exact-equivalent","data/dataset_info.csv; data/processed/surv/GSE26193_surv.rds (columns OS_status, OS_time)",""
"GSE26193","Ovarian Cancer","DSS","not stated","not stated","not stated","Unknown","Unknown","Unknown","Unknown","not stated","Absent","data/dataset_info.csv","no DSS endpoint annotated for this cohort (EP_DSS is NA in the catalog)"
"GSE26193","Ovarian Cancer","DFS","not stated","not stated","not stated","Unknown","Unknown","Unknown","Unknown","not stated","Absent","data/dataset_info.csv","no DFS endpoint annotated for this cohort (EP_DFS is NA in the catalog)"
"GSE26193","Ovarian Cancer","PFS","PFS","contributing","PFS_status + PFS_time","Unknown","Unknown","Unknown","Unknown","no","Exact-equivalent","data/dataset_info.csv; data/processed/surv/GSE26193_surv.rds (columns PFS_status, PFS_time)",""
"GSE26193","Ovarian Cancer","MFS","not stated","not stated","not stated","Unknown","Unknown","Unknown","Unknown","not stated","Absent","data/dataset_info.csv","no MFS endpoint annotated for this cohort (EP_MFS is NA in the catalog)"
"GSE13507","Bladder Cancer","OS","OS","primary","OS_status + OS_time","Unknown","Unknown","Unknown","Unknown","no","Exact-equivalent","data/dataset_info.csv; data/processed/surv/GSE13507_surv.rds (columns OS_status, OS_time)",""
"GSE13507","Bladder Cancer","DSS","not stated","not stated","not stated","Unknown","Unknown","Unknown","Unknown","not stated","Absent","data/dataset_info.csv","no DSS endpoint annotated for this cohort (EP_DSS is NA in the catalog)"
"GSE13507","Bladder Cancer","DFS","not stated","not stated","not stated","Unknown","Unknown","Unknown","Unknown","not stated","Absent","data/dataset_info.csv","no DFS endpoint annotated for this cohort (EP_DFS is NA in the catalog)"
"GSE13507","Bladder Cancer","PFS","not stated","not stated","not stated","Unknown","Unknown","Unknown","Unknown","not stated","Absent","data/dataset_info.csv","no PFS endpoint annotated for this cohort (EP_PFS is NA in the catalog)"
"GSE13507","Bladder Cancer","MFS","not stated","not stated","not stated","Unknown","Unknown","Unknown","Unknown","not stated","Absent","data/dataset_info.csv","no MFS endpoint annotated for this cohort (EP_MFS is NA in the catalog)"
"GSE31684","Bladder Cancer","OS","OS","primary","OS_status + OS_time","Unknown","Unknown","Unknown","Unknown","no","Exact-equivalent","data/dataset_info.csv; data/processed/surv/GSE31684_surv.rds (columns OS_status, OS_time)",""
"GSE31684","Bladder Cancer","DSS","not stated","not stated","not stated","Unknown","Unknown","Unknown","Unknown","not stated","Absent","data/dataset_info.csv","no DSS endpoint annotated for this cohort (EP_DSS is NA in the catalog)"
"GSE31684","Bladder Cancer","DFS","RFS","contributing","RFS_status + RFS_time","Unknown","Unknown","Unknown","Unknown","no","Clinically-related","data/dataset_info.csv; data/processed/surv/GSE31684_surv.rds (columns RFS_status, RFS_time)",""
"GSE31684","Bladder Cancer","PFS","not stated","not stated","not stated","Unknown","Unknown","Unknown","Unknown","not stated","Absent","data/dataset_info.csv","no PFS endpoint annotated for this cohort (EP_PFS is NA in the catalog)"
"GSE31684","Bladder Cancer","MFS","not stated","not stated","not stated","Unknown","Unknown","Unknown","Unknown","not stated","Absent","data/dataset_info.csv","no MFS endpoint annotated for this cohort (EP_MFS is NA in the catalog)"
"GSE32894","Bladder Cancer","OS","not stated","not stated","not stated","Unknown","Unknown","Unknown","Unknown","not stated","Absent","data/dataset_info.csv","no OS endpoint annotated for this cohort (EP_OS is NA in the catalog)"
"GSE32894","Bladder Cancer","DSS","DSS","primary","DSS_status + DSS_time","Unknown","Unknown","Unknown","Unknown","no","Exact-equivalent","data/dataset_info.csv; data/processed/surv/GSE32894_surv.rds (columns DSS_status, DSS_time)",""
"GSE32894","Bladder Cancer","DFS","not stated","not stated","not stated","Unknown","Unknown","Unknown","Unknown","not stated","Absent","data/dataset_info.csv","no DFS endpoint annotated for this cohort (EP_DFS is NA in the catalog)"
"GSE32894","Bladder Cancer","PFS","not stated","not stated","not stated","Unknown","Unknown","Unknown","Unknown","not stated","Absent","data/dataset_info.csv","no PFS endpoint annotated for this cohort (EP_PFS is NA in the catalog)"
"GSE32894","Bladder Cancer","MFS","not stated","not stated","not stated","Unknown","Unknown","Unknown","Unknown","not stated","Absent","data/dataset_info.csv","no MFS endpoint annotated for this cohort (EP_MFS is NA in the catalog)"
"GSE48075","Bladder Cancer","OS","OS","primary","OS_status + OS_time","Unknown","Unknown","Unknown","Unknown","no","Exact-equivalent","data/dataset_info.csv; data/processed/surv/GSE48075_surv.rds (columns OS_status, OS_time)",""
"GSE48075","Bladder Cancer","DSS","not stated","not stated","not stated","Unknown","Unknown","Unknown","Unknown","not stated","Absent","data/dataset_info.csv","no DSS endpoint annotated for this cohort (EP_DSS is NA in the catalog)"
"GSE48075","Bladder Cancer","DFS","not stated","not stated","not stated","Unknown","Unknown","Unknown","Unknown","not stated","Absent","data/dataset_info.csv","no DFS endpoint annotated for this cohort (EP_DFS is NA in the catalog)"
"GSE48075","Bladder Cancer","PFS","not stated","not stated","not stated","Unknown","Unknown","Unknown","Unknown","not stated","Absent","data/dataset_info.csv","no PFS endpoint annotated for this cohort (EP_PFS is NA in the catalog)"
"GSE48075","Bladder Cancer","MFS","not stated","not stated","not stated","Unknown","Unknown","Unknown","Unknown","not stated","Absent","data/dataset_info.csv","no MFS endpoint annotated for this cohort (EP_MFS is NA in the catalog)"
"GSE32548","Bladder Cancer","OS","not stated","not stated","not stated","Unknown","Unknown","Unknown","Unknown","not stated","Absent","data/dataset_info.csv","no OS endpoint annotated for this cohort (EP_OS is NA in the catalog)"
"GSE32548","Bladder Cancer","DSS","DSS","primary","DSS_status + DSS_time","Unknown","Unknown","Unknown","Unknown","no","Exact-equivalent","data/dataset_info.csv; data/processed/surv/GSE32548_surv.rds (columns DSS_status, DSS_time)",""
"GSE32548","Bladder Cancer","DFS","not stated","not stated","not stated","Unknown","Unknown","Unknown","Unknown","not stated","Absent","data/dataset_info.csv","no DFS endpoint annotated for this cohort (EP_DFS is NA in the catalog)"
"GSE32548","Bladder Cancer","PFS","not stated","not stated","not stated","Unknown","Unknown","Unknown","Unknown","not stated","Absent","data/dataset_info.csv","no PFS endpoint annotated for this cohort (EP_PFS is NA in the catalog)"
"GSE32548","Bladder Cancer","MFS","not stated","not stated","not stated","Unknown","Unknown","Unknown","Unknown","not stated","Absent","data/dataset_info.csv","no MFS endpoint annotated for this cohort (EP_MFS is NA in the catalog)"
"GSE44001","Cervical Cancer","OS","not stated","not stated","not stated","Unknown","Unknown","Unknown","Unknown","not stated","Absent","data/dataset_info.csv","no OS endpoint annotated for this cohort (EP_OS is NA in the catalog)"
"GSE44001","Cervical Cancer","DSS","not stated","not stated","not stated","Unknown","Unknown","Unknown","Unknown","not stated","Absent","data/dataset_info.csv","no DSS endpoint annotated for this cohort (EP_DSS is NA in the catalog)"
"GSE44001","Cervical Cancer","DFS","DFS","primary","status_of_dfs + disease_free_survival_(dfs)_(months)","Unknown","Unknown","Unknown","Unknown","no","Exact-equivalent","data/dataset_info.csv; data/processed/surv/GSE44001_surv.rds (columns DFS_status, DFS_time); pipeline/R/03_surv_table.R","source time unit: month (converted to years)"
"GSE44001","Cervical Cancer","PFS","not stated","not stated","not stated","Unknown","Unknown","Unknown","Unknown","not stated","Absent","data/dataset_info.csv","no PFS endpoint annotated for this cohort (EP_PFS is NA in the catalog)"
"GSE44001","Cervical Cancer","MFS","not stated","not stated","not stated","Unknown","Unknown","Unknown","Unknown","not stated","Absent","data/dataset_info.csv","no MFS endpoint annotated for this cohort (EP_MFS is NA in the catalog)"
"GSE39582","Colorectal Cancer","OS","OS","primary","os.event + os.delay (months)","Unknown","Unknown","Unknown","Unknown","no","Exact-equivalent","data/dataset_info.csv; data/processed/surv/GSE39582_surv.rds (columns OS_status, OS_time); pipeline/R/03_surv_table.R","source time unit: month (converted to years)"
"GSE39582","Colorectal Cancer","DSS","not stated","not stated","not stated","Unknown","Unknown","Unknown","Unknown","not stated","Absent","data/dataset_info.csv","no DSS endpoint annotated for this cohort (EP_DSS is NA in the catalog)"
"GSE39582","Colorectal Cancer","DFS","RFS","contributing","rfs.event + rfs.delay","Unknown","Unknown","Unknown","Unknown","no","Clinically-related","data/dataset_info.csv; data/processed/surv/GSE39582_surv.rds (columns RFS_status, RFS_time); pipeline/R/03_surv_table.R","source time unit: month (converted to years)"
"GSE39582","Colorectal Cancer","PFS","not stated","not stated","not stated","Unknown","Unknown","Unknown","Unknown","not stated","Absent","data/dataset_info.csv","no PFS endpoint annotated for this cohort (EP_PFS is NA in the catalog)"
"GSE39582","Colorectal Cancer","MFS","not stated","not stated","not stated","Unknown","Unknown","Unknown","Unknown","not stated","Absent","data/dataset_info.csv","no MFS endpoint annotated for this cohort (EP_MFS is NA in the catalog)"
"GSE17536","Colorectal Cancer","OS","OS","primary","overall_event (death from any cause) + overall survival follow-up time","death from any cause","Unknown","Unknown","Unknown","no","Exact-equivalent","data/dataset_info.csv; data/processed/surv/GSE17536_surv.rds (columns OS_status, OS_time); pipeline/R/03_surv_table.R","source time unit: month (converted to years)"
"GSE17536","Colorectal Cancer","DSS","DSS","contributing","dss_event (disease specific survival; death from cancer) + dss_time","disease specific survival; death from cancer","Unknown","Unknown","Unknown","no","Exact-equivalent","data/dataset_info.csv; data/processed/surv/GSE17536_surv.rds (columns DSS_status, DSS_time); pipeline/R/03_surv_table.R","source time unit: month (converted to years)"
"GSE17536","Colorectal Cancer","DFS","DFS","contributing","dfs_event (disease free survival; cancer recurrence) + dfs_time","disease free survival; cancer recurrence","Unknown","Unknown","Unknown","no","Exact-equivalent","data/dataset_info.csv; data/processed/surv/GSE17536_surv.rds (columns DFS_status, DFS_time); pipeline/R/03_surv_table.R","source time unit: month (converted to years)"
"GSE17536","Colorectal Cancer","PFS","not stated","not stated","not stated","Unknown","Unknown","Unknown","Unknown","not stated","Absent","data/dataset_info.csv","no PFS endpoint annotated for this cohort (EP_PFS is NA in the catalog)"
"GSE17536","Colorectal Cancer","MFS","not stated","not stated","not stated","Unknown","Unknown","Unknown","Unknown","not stated","Absent","data/dataset_info.csv","no MFS endpoint annotated for this cohort (EP_MFS is NA in the catalog)"
"GSE14333","Colorectal Cancer","OS","not stated","not stated","not stated","Unknown","Unknown","Unknown","Unknown","not stated","Absent","data/dataset_info.csv","no OS endpoint annotated for this cohort (EP_OS is NA in the catalog)"
"GSE14333","Colorectal Cancer","DSS","not stated","not stated","not stated","Unknown","Unknown","Unknown","Unknown","not stated","Absent","data/dataset_info.csv","no DSS endpoint annotated for this cohort (EP_DSS is NA in the catalog)"
"GSE14333","Colorectal Cancer","DFS","DFS","primary","DFS_Cens + DFS_Time","Unknown","Unknown","source field `DFS_Cens` is inverted: 1 = censored, 0 = event","Unknown","no","Exact-equivalent","data/dataset_info.csv; data/processed/surv/GSE14333_surv.rds (columns DFS_status, DFS_time); pipeline/R/03_surv_table.R","source time unit: month (converted to years)"
"GSE14333","Colorectal Cancer","PFS","not stated","not stated","not stated","Unknown","Unknown","Unknown","Unknown","not stated","Absent","data/dataset_info.csv","no PFS endpoint annotated for this cohort (EP_PFS is NA in the catalog)"
"GSE14333","Colorectal Cancer","MFS","not stated","not stated","not stated","Unknown","Unknown","Unknown","Unknown","not stated","Absent","data/dataset_info.csv","no MFS endpoint annotated for this cohort (EP_MFS is NA in the catalog)"
"GSE17537","Colorectal Cancer","OS","OS","primary","overall_event (death from any cause) + overall survival follow-up time","death from any cause","Unknown","Unknown","Unknown","no","Exact-equivalent","data/dataset_info.csv; data/processed/surv/GSE17537_surv.rds (columns OS_status, OS_time); pipeline/R/03_surv_table.R","source time unit: month (converted to years)"
"GSE17537","Colorectal Cancer","DSS","not stated","not stated","not stated","Unknown","Unknown","Unknown","Unknown","not stated","Absent","data/dataset_info.csv","no DSS endpoint annotated for this cohort (EP_DSS is NA in the catalog)"
"GSE17537","Colorectal Cancer","DFS","DFS","contributing","dfs_event (disease free survival; cancer recurrence) + dfs_time","disease free survival; cancer recurrence","Unknown","Unknown","Unknown","no","Exact-equivalent","data/dataset_info.csv; data/processed/surv/GSE17537_surv.rds (columns DFS_status, DFS_time); pipeline/R/03_surv_table.R","source time unit: month (converted to years)"
"GSE17537","Colorectal Cancer","PFS","not stated","not stated","not stated","Unknown","Unknown","Unknown","Unknown","not stated","Absent","data/dataset_info.csv","no PFS endpoint annotated for this cohort (EP_PFS is NA in the catalog)"
"GSE17537","Colorectal Cancer","MFS","not stated","not stated","not stated","Unknown","Unknown","Unknown","Unknown","not stated","Absent","data/dataset_info.csv","no MFS endpoint annotated for this cohort (EP_MFS is NA in the catalog)"
"GSE17538_GPL570","Colorectal Cancer","OS","OS","primary","overall_event (death from any cause) + overall survival follow-up time","death from any cause","Unknown","Unknown","Unknown","no","Exact-equivalent","data/dataset_info.csv; data/processed/surv/GSE17538-GPL570_surv.rds (columns OS_status, OS_time); pipeline/R/03_surv_table.R","source time unit: month (converted to years)"
"GSE17538_GPL570","Colorectal Cancer","DSS","DSS","contributing","dss_event (disease specific survival; death from cancer) + dss_time","disease specific survival; death from cancer","Unknown","Unknown","Unknown","no","Exact-equivalent","data/dataset_info.csv; data/processed/surv/GSE17538-GPL570_surv.rds (columns DSS_status, DSS_time); pipeline/R/03_surv_table.R","source time unit: month (converted to years)"
"GSE17538_GPL570","Colorectal Cancer","DFS","DFS","contributing","dfs_event (disease free survival; cancer recurrence) + dfs_time","disease free survival; cancer recurrence","Unknown","Unknown","Unknown","no","Exact-equivalent","data/dataset_info.csv; data/processed/surv/GSE17538-GPL570_surv.rds (columns DFS_status, DFS_time); pipeline/R/03_surv_table.R","source time unit: month (converted to years)"
"GSE17538_GPL570","Colorectal Cancer","PFS","not stated","not stated","not stated","Unknown","Unknown","Unknown","Unknown","not stated","Absent","data/dataset_info.csv","no PFS endpoint annotated for this cohort (EP_PFS is NA in the catalog)"
"GSE17538_GPL570","Colorectal Cancer","MFS","not stated","not stated","not stated","Unknown","Unknown","Unknown","Unknown","not stated","Absent","data/dataset_info.csv","no MFS endpoint annotated for this cohort (EP_MFS is NA in the catalog)"
"GSE87211","Colorectal Cancer","OS","OS","primary","death due to tumor + survival time (month)","Unknown","Unknown","Unknown","Unknown","no","Exact-equivalent","data/dataset_info.csv; data/processed/surv/GSE87211_surv.rds (columns OS_status, OS_time); pipeline/R/03_surv_table.R","source time unit: month (converted to years)"
"GSE87211","Colorectal Cancer","DSS","not stated","not stated","not stated","Unknown","Unknown","Unknown","Unknown","not stated","Absent","data/dataset_info.csv","no DSS endpoint annotated for this cohort (EP_DSS is NA in the catalog)"
"GSE87211","Colorectal Cancer","DFS","DFS","contributing","cancer recurrance after surgery + disease free time (month)","Unknown","Unknown","Unknown","Unknown","no","Exact-equivalent","data/dataset_info.csv; data/processed/surv/GSE87211_surv.rds (columns DFS_status, DFS_time); pipeline/R/03_surv_table.R","source time unit: month (converted to years)"
"GSE87211","Colorectal Cancer","PFS","not stated","not stated","not stated","Unknown","Unknown","Unknown","Unknown","not stated","Absent","data/dataset_info.csv","no PFS endpoint annotated for this cohort (EP_PFS is NA in the catalog)"
"GSE87211","Colorectal Cancer","MFS","not stated","not stated","not stated","Unknown","Unknown","Unknown","Unknown","not stated","Absent","data/dataset_info.csv","no MFS endpoint annotated for this cohort (EP_MFS is NA in the catalog)"
"GSE103479","Colorectal Cancer","OS","OS","primary","status alive.dead + overall survival time","Unknown","Unknown","Unknown","Unknown","no","Exact-equivalent","data/dataset_info.csv; data/processed/surv/GSE103479_surv.rds (columns OS_status, OS_time); pipeline/R/03_surv_table.R","source time unit: month (converted to years)"
"GSE103479","Colorectal Cancer","DSS","not stated","not stated","not stated","Unknown","Unknown","Unknown","Unknown","not stated","Absent","data/dataset_info.csv","no DSS endpoint annotated for this cohort (EP_DSS is NA in the catalog)"
"GSE103479","Colorectal Cancer","DFS","not stated","not stated","not stated","Unknown","Unknown","Unknown","Unknown","not stated","Absent","data/dataset_info.csv","no DFS endpoint annotated for this cohort (EP_DFS is NA in the catalog)"
"GSE103479","Colorectal Cancer","PFS","PFS","contributing","recurrence + progression-free survival time","Unknown","Unknown","Unknown","Unknown","no","Exact-equivalent","data/dataset_info.csv; data/processed/surv/GSE103479_surv.rds (columns PFS_status, PFS_time); pipeline/R/03_surv_table.R","source time unit: month (converted to years)"
"GSE103479","Colorectal Cancer","MFS","not stated","not stated","not stated","Unknown","Unknown","Unknown","Unknown","not stated","Absent","data/dataset_info.csv","no MFS endpoint annotated for this cohort (EP_MFS is NA in the catalog)"
"GSE39084","Colorectal Cancer","OS","OS","primary","status field `death`; dates `surgery.date` -> `lastnews or death.date`","Unknown","start = surgery.date; end = lastnews or death.date","Unknown","Unknown","no","Exact-equivalent","data/dataset_info.csv; data/processed/surv/GSE39084_surv.rds (columns OS_status, OS_time); pipeline/R/03_surv_table.R","source time unit: month (converted to years)"
"GSE39084","Colorectal Cancer","DSS","not stated","not stated","not stated","Unknown","Unknown","Unknown","Unknown","not stated","Absent","data/dataset_info.csv","no DSS endpoint annotated for this cohort (EP_DSS is NA in the catalog)"
"GSE39084","Colorectal Cancer","DFS","DFS","contributing","status field `relapse`; dates `surgery.date` -> `relapse.date`","Unknown","start = surgery.date; end = relapse.date","Unknown","Unknown","no","Exact-equivalent","data/dataset_info.csv; data/processed/surv/GSE39084_surv.rds (columns DFS_status, DFS_time); pipeline/R/03_surv_table.R","source time unit: month (converted to years)"
"GSE39084","Colorectal Cancer","PFS","not stated","not stated","not stated","Unknown","Unknown","Unknown","Unknown","not stated","Absent","data/dataset_info.csv","no PFS endpoint annotated for this cohort (EP_PFS is NA in the catalog)"
"GSE39084","Colorectal Cancer","MFS","not stated","not stated","not stated","Unknown","Unknown","Unknown","Unknown","not stated","Absent","data/dataset_info.csv","no MFS endpoint annotated for this cohort (EP_MFS is NA in the catalog)"
"GSE24080","Multiple Myeloma","OS","OS","primary","OS_status_x + OS_time_x","Unknown","Unknown","Unknown","Unknown","no","Exact-equivalent","data/dataset_info.csv; data/processed/surv/GSE24080_surv.rds (columns OS_status, OS_time); pipeline/R/03_surv_table.R","source time unit: month (converted to years)"
"GSE24080","Multiple Myeloma","DSS","not stated","not stated","not stated","Unknown","Unknown","Unknown","Unknown","not stated","Absent","data/dataset_info.csv","no DSS endpoint annotated for this cohort (EP_DSS is NA in the catalog)"
"GSE24080","Multiple Myeloma","DFS","EFS","contributing","EFS_status_x + EFS_time_x","Unknown","Unknown","Unknown","Unknown","no","Clinically-related","data/dataset_info.csv; data/processed/surv/GSE24080_surv.rds (columns EFS_status, EFS_time); pipeline/R/03_surv_table.R","source time unit: month (converted to years)"
"GSE24080","Multiple Myeloma","PFS","not stated","not stated","not stated","Unknown","Unknown","Unknown","Unknown","not stated","Absent","data/dataset_info.csv","no PFS endpoint annotated for this cohort (EP_PFS is NA in the catalog)"
"GSE24080","Multiple Myeloma","MFS","not stated","not stated","not stated","Unknown","Unknown","Unknown","Unknown","not stated","Absent","data/dataset_info.csv","no MFS endpoint annotated for this cohort (EP_MFS is NA in the catalog)"
"GSE76427","Liver Cancer","OS","OS","primary","event_os + duryears_os","Unknown","Unknown","Unknown","Unknown","no","Exact-equivalent","data/dataset_info.csv; data/processed/surv/GSE76427_surv.rds (columns OS_status, OS_time); pipeline/R/03_surv_table.R","source time unit: year (converted to years)"
"GSE76427","Liver Cancer","DSS","not stated","not stated","not stated","Unknown","Unknown","Unknown","Unknown","not stated","Absent","data/dataset_info.csv","no DSS endpoint annotated for this cohort (EP_DSS is NA in the catalog)"
"GSE76427","Liver Cancer","DFS","RFS","contributing","event_rfs + duryears_rfs","Unknown","Unknown","Unknown","Unknown","no","Clinically-related","data/dataset_info.csv; data/processed/surv/GSE76427_surv.rds (columns RFS_status, RFS_time); pipeline/R/03_surv_table.R","source time unit: year (converted to years)"
"GSE76427","Liver Cancer","PFS","not stated","not stated","not stated","Unknown","Unknown","Unknown","Unknown","not stated","Absent","data/dataset_info.csv","no PFS endpoint annotated for this cohort (EP_PFS is NA in the catalog)"
"GSE76427","Liver Cancer","MFS","not stated","not stated","not stated","Unknown","Unknown","Unknown","Unknown","not stated","Absent","data/dataset_info.csv","no MFS endpoint annotated for this cohort (EP_MFS is NA in the catalog)"
"GSE71014","Leukemia Cancer","OS","OS","primary","event (1 + overall survival (months)","event (1","Unknown","Unknown","Unknown","no","Exact-equivalent","data/dataset_info.csv; data/processed/surv/GSE71014_surv.rds (columns OS_status, OS_time); pipeline/R/03_surv_table.R","source time unit: month (converted to years)"
"GSE71014","Leukemia Cancer","DSS","not stated","not stated","not stated","Unknown","Unknown","Unknown","Unknown","not stated","Absent","data/dataset_info.csv","no DSS endpoint annotated for this cohort (EP_DSS is NA in the catalog)"
"GSE71014","Leukemia Cancer","DFS","not stated","not stated","not stated","Unknown","Unknown","Unknown","Unknown","not stated","Absent","data/dataset_info.csv","no DFS endpoint annotated for this cohort (EP_DFS is NA in the catalog)"
"GSE71014","Leukemia Cancer","PFS","not stated","not stated","not stated","Unknown","Unknown","Unknown","Unknown","not stated","Absent","data/dataset_info.csv","no PFS endpoint annotated for this cohort (EP_PFS is NA in the catalog)"
"GSE71014","Leukemia Cancer","MFS","not stated","not stated","not stated","Unknown","Unknown","Unknown","Unknown","not stated","Absent","data/dataset_info.csv","no MFS endpoint annotated for this cohort (EP_MFS is NA in the catalog)"
"GSE57495","Pancreatic Cancer","OS","OS","primary","vital.status + overall survival (month)","Unknown","Unknown","Unknown","Unknown","no","Exact-equivalent","data/dataset_info.csv; data/processed/surv/GSE57495_surv.rds (columns OS_status, OS_time); pipeline/R/03_surv_table.R","source time unit: month (converted to years)"
"GSE57495","Pancreatic Cancer","DSS","not stated","not stated","not stated","Unknown","Unknown","Unknown","Unknown","not stated","Absent","data/dataset_info.csv","no DSS endpoint annotated for this cohort (EP_DSS is NA in the catalog)"
"GSE57495","Pancreatic Cancer","DFS","not stated","not stated","not stated","Unknown","Unknown","Unknown","Unknown","not stated","Absent","data/dataset_info.csv","no DFS endpoint annotated for this cohort (EP_DFS is NA in the catalog)"
"GSE57495","Pancreatic Cancer","PFS","not stated","not stated","not stated","Unknown","Unknown","Unknown","Unknown","not stated","Absent","data/dataset_info.csv","no PFS endpoint annotated for this cohort (EP_PFS is NA in the catalog)"
"GSE57495","Pancreatic Cancer","MFS","not stated","not stated","not stated","Unknown","Unknown","Unknown","Unknown","not stated","Absent","data/dataset_info.csv","no MFS endpoint annotated for this cohort (EP_MFS is NA in the catalog)"
"GSE28735","Pancreatic Cancer","OS","OS","primary","cancer_death + survival_month","Unknown","Unknown","Unknown","Unknown","no","Exact-equivalent","data/dataset_info.csv; data/processed/surv/GSE28735_surv.rds (columns OS_status, OS_time); pipeline/R/03_surv_table.R","source time unit: month (converted to years)"
"GSE28735","Pancreatic Cancer","DSS","not stated","not stated","not stated","Unknown","Unknown","Unknown","Unknown","not stated","Absent","data/dataset_info.csv","no DSS endpoint annotated for this cohort (EP_DSS is NA in the catalog)"
"GSE28735","Pancreatic Cancer","DFS","not stated","not stated","not stated","Unknown","Unknown","Unknown","Unknown","not stated","Absent","data/dataset_info.csv","no DFS endpoint annotated for this cohort (EP_DFS is NA in the catalog)"
"GSE28735","Pancreatic Cancer","PFS","not stated","not stated","not stated","Unknown","Unknown","Unknown","Unknown","not stated","Absent","data/dataset_info.csv","no PFS endpoint annotated for this cohort (EP_PFS is NA in the catalog)"
"GSE28735","Pancreatic Cancer","MFS","not stated","not stated","not stated","Unknown","Unknown","Unknown","Unknown","not stated","Absent","data/dataset_info.csv","no MFS endpoint annotated for this cohort (EP_MFS is NA in the catalog)"
"GSE62452","Pancreatic Cancer","OS","OS","primary","survival status + survival months","Unknown","Unknown","Unknown","Unknown","no","Exact-equivalent","data/dataset_info.csv; data/processed/surv/GSE62452_surv.rds (columns OS_status, OS_time); pipeline/R/03_surv_table.R","source time unit: month (converted to years)"
"GSE62452","Pancreatic Cancer","DSS","not stated","not stated","not stated","Unknown","Unknown","Unknown","Unknown","not stated","Absent","data/dataset_info.csv","no DSS endpoint annotated for this cohort (EP_DSS is NA in the catalog)"
"GSE62452","Pancreatic Cancer","DFS","not stated","not stated","not stated","Unknown","Unknown","Unknown","Unknown","not stated","Absent","data/dataset_info.csv","no DFS endpoint annotated for this cohort (EP_DFS is NA in the catalog)"
"GSE62452","Pancreatic Cancer","PFS","not stated","not stated","not stated","Unknown","Unknown","Unknown","Unknown","not stated","Absent","data/dataset_info.csv","no PFS endpoint annotated for this cohort (EP_PFS is NA in the catalog)"
"GSE62452","Pancreatic Cancer","MFS","not stated","not stated","not stated","Unknown","Unknown","Unknown","Unknown","not stated","Absent","data/dataset_info.csv","no MFS endpoint annotated for this cohort (EP_MFS is NA in the catalog)"
"GSE25066","Breast Cancer","OS","not stated","not stated","not stated","Unknown","Unknown","Unknown","Unknown","not stated","Absent","data/dataset_info.csv","no OS endpoint annotated for this cohort (EP_OS is NA in the catalog)"
"GSE25066","Breast Cancer","DSS","not stated","not stated","not stated","Unknown","Unknown","Unknown","Unknown","not stated","Absent","data/dataset_info.csv","no DSS endpoint annotated for this cohort (EP_DSS is NA in the catalog)"
"GSE25066","Breast Cancer","DFS","not stated","not stated","not stated","Unknown","Unknown","Unknown","Unknown","not stated","Absent","data/dataset_info.csv","no DFS endpoint annotated for this cohort (EP_DFS is NA in the catalog)"
"GSE25066","Breast Cancer","PFS","not stated","not stated","not stated","Unknown","Unknown","Unknown","Unknown","not stated","Absent","data/dataset_info.csv","no PFS endpoint annotated for this cohort (EP_PFS is NA in the catalog)"
"GSE25066","Breast Cancer","MFS","DRFS","primary","drfs_1_event_0_censored + drfs_even_time_years","Unknown","Unknown","Unknown","Unknown","no","Clinically-related","data/dataset_info.csv; data/processed/surv/GSE25066_surv.rds (columns DRFS_status, DRFS_time); pipeline/R/03_surv_table.R","source time unit: year (converted to years)"
"GSE37642_GPL570","Leukemia Cancer","OS","OS","primary","life status + overall survival (days)","Unknown","Unknown","Unknown","Unknown","no","Exact-equivalent","data/dataset_info.csv; data/processed/surv/GSE37642-GPL570_surv.rds (columns OS_status, OS_time); pipeline/R/03_surv_table.R","source time unit: day (converted to years)"
"GSE37642_GPL570","Leukemia Cancer","DSS","not stated","not stated","not stated","Unknown","Unknown","Unknown","Unknown","not stated","Absent","data/dataset_info.csv","no DSS endpoint annotated for this cohort (EP_DSS is NA in the catalog)"
"GSE37642_GPL570","Leukemia Cancer","DFS","not stated","not stated","not stated","Unknown","Unknown","Unknown","Unknown","not stated","Absent","data/dataset_info.csv","no DFS endpoint annotated for this cohort (EP_DFS is NA in the catalog)"
"GSE37642_GPL570","Leukemia Cancer","PFS","not stated","not stated","not stated","Unknown","Unknown","Unknown","Unknown","not stated","Absent","data/dataset_info.csv","no PFS endpoint annotated for this cohort (EP_PFS is NA in the catalog)"
"GSE37642_GPL570","Leukemia Cancer","MFS","not stated","not stated","not stated","Unknown","Unknown","Unknown","Unknown","not stated","Absent","data/dataset_info.csv","no MFS endpoint annotated for this cohort (EP_MFS is NA in the catalog)"
"GSE12417_GPL96","Leukemia Cancer","OS","OS","primary","aml_status + aml_os_days","Unknown","Unknown","Unknown","Unknown","no","Exact-equivalent","data/dataset_info.csv; data/processed/surv/GSE12417-GPL96_surv.rds (columns OS_status, OS_time); pipeline/R/03_surv_table.R","source time unit: day (converted to years)"
"GSE12417_GPL96","Leukemia Cancer","DSS","not stated","not stated","not stated","Unknown","Unknown","Unknown","Unknown","not stated","Absent","data/dataset_info.csv","no DSS endpoint annotated for this cohort (EP_DSS is NA in the catalog)"
"GSE12417_GPL96","Leukemia Cancer","DFS","not stated","not stated","not stated","Unknown","Unknown","Unknown","Unknown","not stated","Absent","data/dataset_info.csv","no DFS endpoint annotated for this cohort (EP_DFS is NA in the catalog)"
"GSE12417_GPL96","Leukemia Cancer","PFS","not stated","not stated","not stated","Unknown","Unknown","Unknown","Unknown","not stated","Absent","data/dataset_info.csv","no PFS endpoint annotated for this cohort (EP_PFS is NA in the catalog)"
"GSE12417_GPL96","Leukemia Cancer","MFS","not stated","not stated","not stated","Unknown","Unknown","Unknown","Unknown","not stated","Absent","data/dataset_info.csv","no MFS endpoint annotated for this cohort (EP_MFS is NA in the catalog)"
"GSE37642_GPL96","Leukemia Cancer","OS","OS","primary","life status + overall survival (days)","Unknown","Unknown","Unknown","Unknown","no","Exact-equivalent","data/dataset_info.csv; data/processed/surv/GSE37642-GPL96_surv.rds (columns OS_status, OS_time); pipeline/R/03_surv_table.R","source time unit: day (converted to years)"
"GSE37642_GPL96","Leukemia Cancer","DSS","not stated","not stated","not stated","Unknown","Unknown","Unknown","Unknown","not stated","Absent","data/dataset_info.csv","no DSS endpoint annotated for this cohort (EP_DSS is NA in the catalog)"
"GSE37642_GPL96","Leukemia Cancer","DFS","not stated","not stated","not stated","Unknown","Unknown","Unknown","Unknown","not stated","Absent","data/dataset_info.csv","no DFS endpoint annotated for this cohort (EP_DFS is NA in the catalog)"
"GSE37642_GPL96","Leukemia Cancer","PFS","not stated","not stated","not stated","Unknown","Unknown","Unknown","Unknown","not stated","Absent","data/dataset_info.csv","no PFS endpoint annotated for this cohort (EP_PFS is NA in the catalog)"
"GSE37642_GPL96","Leukemia Cancer","MFS","not stated","not stated","not stated","Unknown","Unknown","Unknown","Unknown","not stated","Absent","data/dataset_info.csv","no MFS endpoint annotated for this cohort (EP_MFS is NA in the catalog)"
"GSE37642_GPL97","Leukemia Cancer","OS","OS","primary","OS_status_x + OS_time_x","Unknown","Unknown","Unknown","Unknown","no","Exact-equivalent","data/dataset_info.csv; data/processed/surv/GSE37642-GPL97_surv.rds (columns OS_status, OS_time); pipeline/R/03_surv_table.R","source time unit: year (converted to years)"
"GSE37642_GPL97","Leukemia Cancer","DSS","not stated","not stated","not stated","Unknown","Unknown","Unknown","Unknown","not stated","Absent","data/dataset_info.csv","no DSS endpoint annotated for this cohort (EP_DSS is NA in the catalog)"
"GSE37642_GPL97","Leukemia Cancer","DFS","not stated","not stated","not stated","Unknown","Unknown","Unknown","Unknown","not stated","Absent","data/dataset_info.csv","no DFS endpoint annotated for this cohort (EP_DFS is NA in the catalog)"
"GSE37642_GPL97","Leukemia Cancer","PFS","not stated","not stated","not stated","Unknown","Unknown","Unknown","Unknown","not stated","Absent","data/dataset_info.csv","no PFS endpoint annotated for this cohort (EP_PFS is NA in the catalog)"
"GSE37642_GPL97","Leukemia Cancer","MFS","not stated","not stated","not stated","Unknown","Unknown","Unknown","Unknown","not stated","Absent","data/dataset_info.csv","no MFS endpoint annotated for this cohort (EP_MFS is NA in the catalog)"
"GSE12417_GPL97","Leukemia Cancer","OS","OS","primary","aml_status + aml_os_days","Unknown","Unknown","Unknown","Unknown","no","Exact-equivalent","data/dataset_info.csv; data/processed/surv/GSE12417-GPL97_surv.rds (columns OS_status, OS_time); pipeline/R/03_surv_table.R","source time unit: day (converted to years)"
"GSE12417_GPL97","Leukemia Cancer","DSS","not stated","not stated","not stated","Unknown","Unknown","Unknown","Unknown","not stated","Absent","data/dataset_info.csv","no DSS endpoint annotated for this cohort (EP_DSS is NA in the catalog)"
"GSE12417_GPL97","Leukemia Cancer","DFS","not stated","not stated","not stated","Unknown","Unknown","Unknown","Unknown","not stated","Absent","data/dataset_info.csv","no DFS endpoint annotated for this cohort (EP_DFS is NA in the catalog)"
"GSE12417_GPL97","Leukemia Cancer","PFS","not stated","not stated","not stated","Unknown","Unknown","Unknown","Unknown","not stated","Absent","data/dataset_info.csv","no PFS endpoint annotated for this cohort (EP_PFS is NA in the catalog)"
"GSE12417_GPL97","Leukemia Cancer","MFS","not stated","not stated","not stated","Unknown","Unknown","Unknown","Unknown","not stated","Absent","data/dataset_info.csv","no MFS endpoint annotated for this cohort (EP_MFS is NA in the catalog)"
"GSE12417_GPL570","Leukemia Cancer","OS","OS","primary","aml_status + aml_os_days","Unknown","Unknown","Unknown","Unknown","no","Exact-equivalent","data/dataset_info.csv; data/processed/surv/GSE12417-GPL570_surv.rds (columns OS_status, OS_time); pipeline/R/03_surv_table.R","source time unit: day (converted to years)"
"GSE12417_GPL570","Leukemia Cancer","DSS","not stated","not stated","not stated","Unknown","Unknown","Unknown","Unknown","not stated","Absent","data/dataset_info.csv","no DSS endpoint annotated for this cohort (EP_DSS is NA in the catalog)"
"GSE12417_GPL570","Leukemia Cancer","DFS","not stated","not stated","not stated","Unknown","Unknown","Unknown","Unknown","not stated","Absent","data/dataset_info.csv","no DFS endpoint annotated for this cohort (EP_DFS is NA in the catalog)"
"GSE12417_GPL570","Leukemia Cancer","PFS","not stated","not stated","not stated","Unknown","Unknown","Unknown","Unknown","not stated","Absent","data/dataset_info.csv","no PFS endpoint annotated for this cohort (EP_PFS is NA in the catalog)"
"GSE12417_GPL570","Leukemia Cancer","MFS","not stated","not stated","not stated","Unknown","Unknown","Unknown","Unknown","not stated","Absent","data/dataset_info.csv","no MFS endpoint annotated for this cohort (EP_MFS is NA in the catalog)"
"GSE4716_GPL3694","Lung Cancer","OS","OS","primary","status after 5 years + Survival Period","Unknown","Unknown","Unknown","Unknown","no","Exact-equivalent","data/dataset_info.csv; data/processed/surv/GSE4716-GPL3694_surv.rds (columns OS_status, OS_time); pipeline/R/03_surv_table.R","source time unit: month (converted to years)"
"GSE4716_GPL3694","Lung Cancer","DSS","not stated","not stated","not stated","Unknown","Unknown","Unknown","Unknown","not stated","Absent","data/dataset_info.csv","no DSS endpoint annotated for this cohort (EP_DSS is NA in the catalog)"
"GSE4716_GPL3694","Lung Cancer","DFS","not stated","not stated","not stated","Unknown","Unknown","Unknown","Unknown","not stated","Absent","data/dataset_info.csv","no DFS endpoint annotated for this cohort (EP_DFS is NA in the catalog)"
"GSE4716_GPL3694","Lung Cancer","PFS","not stated","not stated","not stated","Unknown","Unknown","Unknown","Unknown","not stated","Absent","data/dataset_info.csv","no PFS endpoint annotated for this cohort (EP_PFS is NA in the catalog)"
"GSE4716_GPL3694","Lung Cancer","MFS","not stated","not stated","not stated","Unknown","Unknown","Unknown","Unknown","not stated","Absent","data/dataset_info.csv","no MFS endpoint annotated for this cohort (EP_MFS is NA in the catalog)"
"GSE4716_GPL3696","Lung Cancer","OS","OS","primary","status after 5 years + Survival Period","Unknown","Unknown","Unknown","Unknown","no","Exact-equivalent","data/dataset_info.csv; data/processed/surv/GSE4716-GPL3696_surv.rds (columns OS_status, OS_time); pipeline/R/03_surv_table.R","source time unit: month (converted to years)"
"GSE4716_GPL3696","Lung Cancer","DSS","not stated","not stated","not stated","Unknown","Unknown","Unknown","Unknown","not stated","Absent","data/dataset_info.csv","no DSS endpoint annotated for this cohort (EP_DSS is NA in the catalog)"
"GSE4716_GPL3696","Lung Cancer","DFS","not stated","not stated","not stated","Unknown","Unknown","Unknown","Unknown","not stated","Absent","data/dataset_info.csv","no DFS endpoint annotated for this cohort (EP_DFS is NA in the catalog)"
"GSE4716_GPL3696","Lung Cancer","PFS","not stated","not stated","not stated","Unknown","Unknown","Unknown","Unknown","not stated","Absent","data/dataset_info.csv","no PFS endpoint annotated for this cohort (EP_PFS is NA in the catalog)"
"GSE4716_GPL3696","Lung Cancer","MFS","not stated","not stated","not stated","Unknown","Unknown","Unknown","Unknown","not stated","Absent","data/dataset_info.csv","no MFS endpoint annotated for this cohort (EP_MFS is NA in the catalog)"
"GSE25307","Breast Cancer","OS","OS","primary","osbin + os","Unknown","Unknown","Unknown","Unknown","no","Exact-equivalent","data/dataset_info.csv; data/processed/surv/GSE25307_surv.rds (columns OS_status, OS_time); pipeline/R/03_surv_table.R","source time unit: year (converted to years)"
"GSE25307","Breast Cancer","DSS","not stated","not stated","not stated","Unknown","Unknown","Unknown","Unknown","not stated","Absent","data/dataset_info.csv","no DSS endpoint annotated for this cohort (EP_DSS is NA in the catalog)"
"GSE25307","Breast Cancer","DFS","not stated","not stated","not stated","Unknown","Unknown","Unknown","Unknown","not stated","Absent","data/dataset_info.csv","no DFS endpoint annotated for this cohort (EP_DFS is NA in the catalog)"
"GSE25307","Breast Cancer","PFS","not stated","not stated","not stated","Unknown","Unknown","Unknown","Unknown","not stated","Absent","data/dataset_info.csv","no PFS endpoint annotated for this cohort (EP_PFS is NA in the catalog)"
"GSE25307","Breast Cancer","MFS","not stated","not stated","not stated","Unknown","Unknown","Unknown","Unknown","not stated","Absent","data/dataset_info.csv","no MFS endpoint annotated for this cohort (EP_MFS is NA in the catalog)"
"GSE9782_GPL96","Multiple Myeloma","OS","OS","primary","Did_Patient_Die(0=No,1=Yes) + Days_Survived_From_Randomization","0=No,1=Yes","Unknown","Unknown","Unknown","no","Exact-equivalent","data/dataset_info.csv; data/processed/surv/GSE9782-GPL96_surv.rds (columns OS_status, OS_time); pipeline/R/03_surv_table.R","source time unit: day (converted to years)"
"GSE9782_GPL96","Multiple Myeloma","DSS","not stated","not stated","not stated","Unknown","Unknown","Unknown","Unknown","not stated","Absent","data/dataset_info.csv","no DSS endpoint annotated for this cohort (EP_DSS is NA in the catalog)"
"GSE9782_GPL96","Multiple Myeloma","DFS","not stated","not stated","not stated","Unknown","Unknown","Unknown","Unknown","not stated","Absent","data/dataset_info.csv","no DFS endpoint annotated for this cohort (EP_DFS is NA in the catalog)"
"GSE9782_GPL96","Multiple Myeloma","PFS","PFS","contributing","PGx_Progression(0=No,1=Yes) + PGx_Days_To_Progression","0=No,1=Yes","Unknown","Unknown","Unknown","no","Exact-equivalent","data/dataset_info.csv; data/processed/surv/GSE9782-GPL96_surv.rds (columns PFS_status, PFS_time); pipeline/R/03_surv_table.R","source time unit: day (converted to years)"
"GSE9782_GPL96","Multiple Myeloma","MFS","not stated","not stated","not stated","Unknown","Unknown","Unknown","Unknown","not stated","Absent","data/dataset_info.csv","no MFS endpoint annotated for this cohort (EP_MFS is NA in the catalog)"
"GSE39055","Osteosarcoma","OS","not stated","not stated","not stated","Unknown","Unknown","Unknown","Unknown","not stated","Absent","data/dataset_info.csv","no OS endpoint annotated for this cohort (EP_OS is NA in the catalog)"
"GSE39055","Osteosarcoma","DSS","not stated","not stated","not stated","Unknown","Unknown","Unknown","Unknown","not stated","Absent","data/dataset_info.csv","no DSS endpoint annotated for this cohort (EP_DSS is NA in the catalog)"
"GSE39055","Osteosarcoma","DFS","RFS","primary","recurrence + time until first recurrence or latest follow-up (months)","Unknown","Unknown","Unknown","Unknown","no","Clinically-related","data/dataset_info.csv; data/processed/surv/GSE39055_surv.rds (columns RFS_status, RFS_time); pipeline/R/03_surv_table.R","source time unit: month (converted to years)"
"GSE39055","Osteosarcoma","PFS","not stated","not stated","not stated","Unknown","Unknown","Unknown","Unknown","not stated","Absent","data/dataset_info.csv","no PFS endpoint annotated for this cohort (EP_PFS is NA in the catalog)"
"GSE39055","Osteosarcoma","MFS","not stated","not stated","not stated","Unknown","Unknown","Unknown","Unknown","not stated","Absent","data/dataset_info.csv","no MFS endpoint annotated for this cohort (EP_MFS is NA in the catalog)"
"GSE9782_GPL97","Multiple Myeloma","OS","OS","primary","Did_Patient_Die(0=No,1=Yes) + Days_Survived_From_Randomization","0=No,1=Yes","Unknown","Unknown","Unknown","no","Exact-equivalent","data/dataset_info.csv; data/processed/surv/GSE9782-GPL97_surv.rds (columns OS_status, OS_time); pipeline/R/03_surv_table.R","source time unit: day (converted to years)"
"GSE9782_GPL97","Multiple Myeloma","DSS","not stated","not stated","not stated","Unknown","Unknown","Unknown","Unknown","not stated","Absent","data/dataset_info.csv","no DSS endpoint annotated for this cohort (EP_DSS is NA in the catalog)"
"GSE9782_GPL97","Multiple Myeloma","DFS","not stated","not stated","not stated","Unknown","Unknown","Unknown","Unknown","not stated","Absent","data/dataset_info.csv","no DFS endpoint annotated for this cohort (EP_DFS is NA in the catalog)"
"GSE9782_GPL97","Multiple Myeloma","PFS","PFS","contributing","PGx_Progression(0=No,1=Yes) + PGx_Days_To_Progression","0=No,1=Yes","Unknown","Unknown","Unknown","no","Exact-equivalent","data/dataset_info.csv; data/processed/surv/GSE9782-GPL97_surv.rds (columns PFS_status, PFS_time); pipeline/R/03_surv_table.R","source time unit: day (converted to years)"
"GSE9782_GPL97","Multiple Myeloma","MFS","not stated","not stated","not stated","Unknown","Unknown","Unknown","Unknown","not stated","Absent","data/dataset_info.csv","no MFS endpoint annotated for this cohort (EP_MFS is NA in the catalog)"
"GSE21257","Osteosarcoma","OS","OS","primary","status + not stated","Unknown","Unknown","Unknown","Unknown","no","Exact-equivalent","data/dataset_info.csv; data/processed/surv/GSE21257_surv.rds (columns OS_status, OS_time); pipeline/R/03_surv_table.R","source time unit: month (converted to years)"
"GSE21257","Osteosarcoma","DSS","not stated","not stated","not stated","Unknown","Unknown","Unknown","Unknown","not stated","Absent","data/dataset_info.csv","no DSS endpoint annotated for this cohort (EP_DSS is NA in the catalog)"
"GSE21257","Osteosarcoma","DFS","not stated","not stated","not stated","Unknown","Unknown","Unknown","Unknown","not stated","Absent","data/dataset_info.csv","no DFS endpoint annotated for this cohort (EP_DFS is NA in the catalog)"
"GSE21257","Osteosarcoma","PFS","not stated","not stated","not stated","Unknown","Unknown","Unknown","Unknown","not stated","Absent","data/dataset_info.csv","no PFS endpoint annotated for this cohort (EP_PFS is NA in the catalog)"
"GSE21257","Osteosarcoma","MFS","not stated","not stated","not stated","Unknown","Unknown","Unknown","Unknown","not stated","Absent","data/dataset_info.csv","no MFS endpoint annotated for this cohort (EP_MFS is NA in the catalog)"
"GSE4412_GPL96","Glioma Cancer","OS","OS","primary","living + survival time","Unknown","Unknown","Unknown","Unknown","no","Exact-equivalent","data/dataset_info.csv; data/processed/surv/GSE4412-GPL96_surv.rds (columns OS_status, OS_time); pipeline/R/03_surv_table.R","source time unit: day (converted to years)"
"GSE4412_GPL96","Glioma Cancer","DSS","not stated","not stated","not stated","Unknown","Unknown","Unknown","Unknown","not stated","Absent","data/dataset_info.csv","no DSS endpoint annotated for this cohort (EP_DSS is NA in the catalog)"
"GSE4412_GPL96","Glioma Cancer","DFS","not stated","not stated","not stated","Unknown","Unknown","Unknown","Unknown","not stated","Absent","data/dataset_info.csv","no DFS endpoint annotated for this cohort (EP_DFS is NA in the catalog)"
"GSE4412_GPL96","Glioma Cancer","PFS","not stated","not stated","not stated","Unknown","Unknown","Unknown","Unknown","not stated","Absent","data/dataset_info.csv","no PFS endpoint annotated for this cohort (EP_PFS is NA in the catalog)"
"GSE4412_GPL96","Glioma Cancer","MFS","not stated","not stated","not stated","Unknown","Unknown","Unknown","Unknown","not stated","Absent","data/dataset_info.csv","no MFS endpoint annotated for this cohort (EP_MFS is NA in the catalog)"
"GSE4581","Multiple Myeloma","OS","OS","primary","SURIND + SURTIM","Unknown","Unknown","Unknown","Unknown","no","Exact-equivalent","data/dataset_info.csv; data/processed/surv/GSE4581_surv.rds (columns OS_status, OS_time); pipeline/R/03_surv_table.R","source time unit: month (converted to years)"
"GSE4581","Multiple Myeloma","DSS","not stated","not stated","not stated","Unknown","Unknown","Unknown","Unknown","not stated","Absent","data/dataset_info.csv","no DSS endpoint annotated for this cohort (EP_DSS is NA in the catalog)"
"GSE4581","Multiple Myeloma","DFS","not stated","not stated","not stated","Unknown","Unknown","Unknown","Unknown","not stated","Absent","data/dataset_info.csv","no DFS endpoint annotated for this cohort (EP_DFS is NA in the catalog)"
"GSE4581","Multiple Myeloma","PFS","not stated","not stated","not stated","Unknown","Unknown","Unknown","Unknown","not stated","Absent","data/dataset_info.csv","no PFS endpoint annotated for this cohort (EP_PFS is NA in the catalog)"
"GSE4581","Multiple Myeloma","MFS","not stated","not stated","not stated","Unknown","Unknown","Unknown","Unknown","not stated","Absent","data/dataset_info.csv","no MFS endpoint annotated for this cohort (EP_MFS is NA in the catalog)"
"GSE4412_GPL97","Glioma Cancer","OS","OS","primary","living + survival time","Unknown","Unknown","Unknown","Unknown","no","Exact-equivalent","data/dataset_info.csv; data/processed/surv/GSE4412-GPL97_surv.rds (columns OS_status, OS_time); pipeline/R/03_surv_table.R","source time unit: day (converted to years)"
"GSE4412_GPL97","Glioma Cancer","DSS","not stated","not stated","not stated","Unknown","Unknown","Unknown","Unknown","not stated","Absent","data/dataset_info.csv","no DSS endpoint annotated for this cohort (EP_DSS is NA in the catalog)"
"GSE4412_GPL97","Glioma Cancer","DFS","not stated","not stated","not stated","Unknown","Unknown","Unknown","Unknown","not stated","Absent","data/dataset_info.csv","no DFS endpoint annotated for this cohort (EP_DFS is NA in the catalog)"
"GSE4412_GPL97","Glioma Cancer","PFS","not stated","not stated","not stated","Unknown","Unknown","Unknown","Unknown","not stated","Absent","data/dataset_info.csv","no PFS endpoint annotated for this cohort (EP_PFS is NA in the catalog)"
"GSE4412_GPL97","Glioma Cancer","MFS","not stated","not stated","not stated","Unknown","Unknown","Unknown","Unknown","not stated","Absent","data/dataset_info.csv","no MFS endpoint annotated for this cohort (EP_MFS is NA in the catalog)"
"GSE14520_GPL3921","Liver Cancer","OS","OS","primary","Survival_status_x + Survival_months_x","Unknown","Unknown","Unknown","Unknown","no","Exact-equivalent","data/dataset_info.csv; data/processed/surv/GSE14520-GPL3921_surv.rds (columns OS_status, OS_time); pipeline/R/03_surv_table.R","source time unit: month (converted to years)"
"GSE14520_GPL3921","Liver Cancer","DSS","not stated","not stated","not stated","Unknown","Unknown","Unknown","Unknown","not stated","Absent","data/dataset_info.csv","no DSS endpoint annotated for this cohort (EP_DSS is NA in the catalog)"
"GSE14520_GPL3921","Liver Cancer","DFS","RFS","contributing","Recurr_status_x + Recurr_months_x","Unknown","Unknown","Unknown","Unknown","no","Clinically-related","data/dataset_info.csv; data/processed/surv/GSE14520-GPL3921_surv.rds (columns RFS_status, RFS_time); pipeline/R/03_surv_table.R","source time unit: month (converted to years)"
"GSE14520_GPL3921","Liver Cancer","PFS","not stated","not stated","not stated","Unknown","Unknown","Unknown","Unknown","not stated","Absent","data/dataset_info.csv","no PFS endpoint annotated for this cohort (EP_PFS is NA in the catalog)"
"GSE14520_GPL3921","Liver Cancer","MFS","not stated","not stated","not stated","Unknown","Unknown","Unknown","Unknown","not stated","Absent","data/dataset_info.csv","no MFS endpoint annotated for this cohort (EP_MFS is NA in the catalog)"
"CGGA_693","Glioma Cancer","OS","OS","primary","OS_status + OS_time","Unknown","Unknown","Unknown","Unknown","no","Exact-equivalent","data/dataset_info.csv; data/processed/surv/CGGA_693_surv.rds (columns OS_status, OS_time)",""
"CGGA_693","Glioma Cancer","DSS","not stated","not stated","not stated","Unknown","Unknown","Unknown","Unknown","not stated","Absent","data/dataset_info.csv","no DSS endpoint annotated for this cohort (EP_DSS is NA in the catalog)"
"CGGA_693","Glioma Cancer","DFS","not stated","not stated","not stated","Unknown","Unknown","Unknown","Unknown","not stated","Absent","data/dataset_info.csv","no DFS endpoint annotated for this cohort (EP_DFS is NA in the catalog)"
"CGGA_693","Glioma Cancer","PFS","not stated","not stated","not stated","Unknown","Unknown","Unknown","Unknown","not stated","Absent","data/dataset_info.csv","no PFS endpoint annotated for this cohort (EP_PFS is NA in the catalog)"
"CGGA_693","Glioma Cancer","MFS","not stated","not stated","not stated","Unknown","Unknown","Unknown","Unknown","not stated","Absent","data/dataset_info.csv","no MFS endpoint annotated for this cohort (EP_MFS is NA in the catalog)"
"CGGA_325","Glioma Cancer","OS","OS","primary","OS_status + OS_time","Unknown","Unknown","Unknown","Unknown","no","Exact-equivalent","data/dataset_info.csv; data/processed/surv/CGGA_325_surv.rds (columns OS_status, OS_time)",""
"CGGA_325","Glioma Cancer","DSS","not stated","not stated","not stated","Unknown","Unknown","Unknown","Unknown","not stated","Absent","data/dataset_info.csv","no DSS endpoint annotated for this cohort (EP_DSS is NA in the catalog)"
"CGGA_325","Glioma Cancer","DFS","not stated","not stated","not stated","Unknown","Unknown","Unknown","Unknown","not stated","Absent","data/dataset_info.csv","no DFS endpoint annotated for this cohort (EP_DFS is NA in the catalog)"
"CGGA_325","Glioma Cancer","PFS","not stated","not stated","not stated","Unknown","Unknown","Unknown","Unknown","not stated","Absent","data/dataset_info.csv","no PFS endpoint annotated for this cohort (EP_PFS is NA in the catalog)"
"CGGA_325","Glioma Cancer","MFS","not stated","not stated","not stated","Unknown","Unknown","Unknown","Unknown","not stated","Absent","data/dataset_info.csv","no MFS endpoint annotated for this cohort (EP_MFS is NA in the catalog)"
"CGGA_301","Glioma Cancer","OS","OS","primary","OS_status + OS_time","Unknown","Unknown","Unknown","Unknown","no","Exact-equivalent","data/dataset_info.csv; data/processed/surv/CGGA_301_surv.rds (columns OS_status, OS_time)",""
"CGGA_301","Glioma Cancer","DSS","not stated","not stated","not stated","Unknown","Unknown","Unknown","Unknown","not stated","Absent","data/dataset_info.csv","no DSS endpoint annotated for this cohort (EP_DSS is NA in the catalog)"
"CGGA_301","Glioma Cancer","DFS","not stated","not stated","not stated","Unknown","Unknown","Unknown","Unknown","not stated","Absent","data/dataset_info.csv","no DFS endpoint annotated for this cohort (EP_DFS is NA in the catalog)"
"CGGA_301","Glioma Cancer","PFS","not stated","not stated","not stated","Unknown","Unknown","Unknown","Unknown","not stated","Absent","data/dataset_info.csv","no PFS endpoint annotated for this cohort (EP_PFS is NA in the catalog)"
"CGGA_301","Glioma Cancer","MFS","not stated","not stated","not stated","Unknown","Unknown","Unknown","Unknown","not stated","Absent","data/dataset_info.csv","no MFS endpoint annotated for this cohort (EP_MFS is NA in the catalog)"
"TCGA-BLCA","Bladder Cancer","OS","OS","primary","OS_status + OS_time","Unknown","Unknown","Unknown","Unknown","no","Exact-equivalent","data/dataset_info.csv; data/processed/surv/TCGA-BLCA_surv.rds (columns OS_status, OS_time); data/tcga/tcga_surv.rda (via pipeline/R/35_add_tcga_cohorts.R)","TCGA endpoint table built from data/tcga/tcga_surv.rda; times converted days -> years (/365.25)"
"TCGA-BLCA","Bladder Cancer","DSS","DSS","contributing","DSS_status + DSS_time","Unknown","Unknown","Unknown","Unknown","no","Exact-equivalent","data/dataset_info.csv; data/processed/surv/TCGA-BLCA_surv.rds (columns DSS_status, DSS_time); data/tcga/tcga_surv.rda (via pipeline/R/35_add_tcga_cohorts.R)","TCGA endpoint table built from data/tcga/tcga_surv.rda; times converted days -> years (/365.25)"
"TCGA-BLCA","Bladder Cancer","DFS","DFI","contributing","DFI_status + DFI_time","Unknown","Unknown","Unknown","Unknown","yes","Clinically-related","data/dataset_info.csv; data/processed/surv/TCGA-BLCA_surv.rds (columns DFI_status, DFI_time); data/tcga/tcga_surv.rda (via pipeline/R/35_add_tcga_cohorts.R)","TCGA endpoint table built from data/tcga/tcga_surv.rda; times converted days -> years (/365.25)"
"TCGA-BLCA","Bladder Cancer","PFS","PFI","contributing","PFI_status + PFI_time","Unknown","Unknown","Unknown","Unknown","yes","Clinically-related","data/dataset_info.csv; data/processed/surv/TCGA-BLCA_surv.rds (columns PFI_status, PFI_time); data/tcga/tcga_surv.rda (via pipeline/R/35_add_tcga_cohorts.R)","TCGA endpoint table built from data/tcga/tcga_surv.rda; times converted days -> years (/365.25)"
"TCGA-BLCA","Bladder Cancer","MFS","not stated","not stated","not stated","Unknown","Unknown","Unknown","Unknown","not stated","Absent","data/dataset_info.csv","no MFS endpoint annotated for this cohort (EP_MFS is NA in the catalog)"
"TCGA-BRCA","Breast Cancer","OS","OS","primary","OS_status + OS_time","Unknown","Unknown","Unknown","Unknown","no","Exact-equivalent","data/dataset_info.csv; data/processed/surv/TCGA-BRCA_surv.rds (columns OS_status, OS_time); data/tcga/tcga_surv.rda (via pipeline/R/35_add_tcga_cohorts.R)","TCGA endpoint table built from data/tcga/tcga_surv.rda; times converted days -> years (/365.25)"
"TCGA-BRCA","Breast Cancer","DSS","DSS","contributing","DSS_status + DSS_time","Unknown","Unknown","Unknown","Unknown","no","Exact-equivalent","data/dataset_info.csv; data/processed/surv/TCGA-BRCA_surv.rds (columns DSS_status, DSS_time); data/tcga/tcga_surv.rda (via pipeline/R/35_add_tcga_cohorts.R)","TCGA endpoint table built from data/tcga/tcga_surv.rda; times converted days -> years (/365.25)"
"TCGA-BRCA","Breast Cancer","DFS","DFI","contributing","DFI_status + DFI_time","Unknown","Unknown","Unknown","Unknown","yes","Clinically-related","data/dataset_info.csv; data/processed/surv/TCGA-BRCA_surv.rds (columns DFI_status, DFI_time); data/tcga/tcga_surv.rda (via pipeline/R/35_add_tcga_cohorts.R)","TCGA endpoint table built from data/tcga/tcga_surv.rda; times converted days -> years (/365.25)"
"TCGA-BRCA","Breast Cancer","PFS","PFI","contributing","PFI_status + PFI_time","Unknown","Unknown","Unknown","Unknown","yes","Clinically-related","data/dataset_info.csv; data/processed/surv/TCGA-BRCA_surv.rds (columns PFI_status, PFI_time); data/tcga/tcga_surv.rda (via pipeline/R/35_add_tcga_cohorts.R)","TCGA endpoint table built from data/tcga/tcga_surv.rda; times converted days -> years (/365.25)"
"TCGA-BRCA","Breast Cancer","MFS","not stated","not stated","not stated","Unknown","Unknown","Unknown","Unknown","not stated","Absent","data/dataset_info.csv","no MFS endpoint annotated for this cohort (EP_MFS is NA in the catalog)"
"TCGA-CESC","Cervical Cancer","OS","OS","primary","OS_status + OS_time","Unknown","Unknown","Unknown","Unknown","no","Exact-equivalent","data/dataset_info.csv; data/processed/surv/TCGA-CESC_surv.rds (columns OS_status, OS_time); data/tcga/tcga_surv.rda (via pipeline/R/35_add_tcga_cohorts.R)","TCGA endpoint table built from data/tcga/tcga_surv.rda; times converted days -> years (/365.25)"
"TCGA-CESC","Cervical Cancer","DSS","DSS","contributing","DSS_status + DSS_time","Unknown","Unknown","Unknown","Unknown","no","Exact-equivalent","data/dataset_info.csv; data/processed/surv/TCGA-CESC_surv.rds (columns DSS_status, DSS_time); data/tcga/tcga_surv.rda (via pipeline/R/35_add_tcga_cohorts.R)","TCGA endpoint table built from data/tcga/tcga_surv.rda; times converted days -> years (/365.25)"
"TCGA-CESC","Cervical Cancer","DFS","DFI","contributing","DFI_status + DFI_time","Unknown","Unknown","Unknown","Unknown","yes","Clinically-related","data/dataset_info.csv; data/processed/surv/TCGA-CESC_surv.rds (columns DFI_status, DFI_time); data/tcga/tcga_surv.rda (via pipeline/R/35_add_tcga_cohorts.R)","TCGA endpoint table built from data/tcga/tcga_surv.rda; times converted days -> years (/365.25)"
"TCGA-CESC","Cervical Cancer","PFS","PFI","contributing","PFI_status + PFI_time","Unknown","Unknown","Unknown","Unknown","yes","Clinically-related","data/dataset_info.csv; data/processed/surv/TCGA-CESC_surv.rds (columns PFI_status, PFI_time); data/tcga/tcga_surv.rda (via pipeline/R/35_add_tcga_cohorts.R)","TCGA endpoint table built from data/tcga/tcga_surv.rda; times converted days -> years (/365.25)"
"TCGA-CESC","Cervical Cancer","MFS","not stated","not stated","not stated","Unknown","Unknown","Unknown","Unknown","not stated","Absent","data/dataset_info.csv","no MFS endpoint annotated for this cohort (EP_MFS is NA in the catalog)"
"TCGA-COAD","Colorectal Cancer","OS","OS","primary","OS_status + OS_time","Unknown","Unknown","Unknown","Unknown","no","Exact-equivalent","data/dataset_info.csv; data/processed/surv/TCGA-COAD_surv.rds (columns OS_status, OS_time); data/tcga/tcga_surv.rda (via pipeline/R/35_add_tcga_cohorts.R)","TCGA endpoint table built from data/tcga/tcga_surv.rda; times converted days -> years (/365.25)"
"TCGA-COAD","Colorectal Cancer","DSS","DSS","contributing","DSS_status + DSS_time","Unknown","Unknown","Unknown","Unknown","no","Exact-equivalent","data/dataset_info.csv; data/processed/surv/TCGA-COAD_surv.rds (columns DSS_status, DSS_time); data/tcga/tcga_surv.rda (via pipeline/R/35_add_tcga_cohorts.R)","TCGA endpoint table built from data/tcga/tcga_surv.rda; times converted days -> years (/365.25)"
"TCGA-COAD","Colorectal Cancer","DFS","DFI","contributing","DFI_status + DFI_time","Unknown","Unknown","Unknown","Unknown","yes","Clinically-related","data/dataset_info.csv; data/processed/surv/TCGA-COAD_surv.rds (columns DFI_status, DFI_time); data/tcga/tcga_surv.rda (via pipeline/R/35_add_tcga_cohorts.R)","TCGA endpoint table built from data/tcga/tcga_surv.rda; times converted days -> years (/365.25)"
"TCGA-COAD","Colorectal Cancer","PFS","PFI","contributing","PFI_status + PFI_time","Unknown","Unknown","Unknown","Unknown","yes","Clinically-related","data/dataset_info.csv; data/processed/surv/TCGA-COAD_surv.rds (columns PFI_status, PFI_time); data/tcga/tcga_surv.rda (via pipeline/R/35_add_tcga_cohorts.R)","TCGA endpoint table built from data/tcga/tcga_surv.rda; times converted days -> years (/365.25)"
"TCGA-COAD","Colorectal Cancer","MFS","not stated","not stated","not stated","Unknown","Unknown","Unknown","Unknown","not stated","Absent","data/dataset_info.csv","no MFS endpoint annotated for this cohort (EP_MFS is NA in the catalog)"
"TCGA-GBM","Glioma Cancer","OS","OS","primary","OS_status + OS_time","Unknown","Unknown","Unknown","Unknown","no","Exact-equivalent","data/dataset_info.csv; data/processed/surv/TCGA-GBM_surv.rds (columns OS_status, OS_time); data/tcga/tcga_surv.rda (via pipeline/R/35_add_tcga_cohorts.R)","TCGA endpoint table built from data/tcga/tcga_surv.rda; times converted days -> years (/365.25)"
"TCGA-GBM","Glioma Cancer","DSS","DSS","contributing","DSS_status + DSS_time","Unknown","Unknown","Unknown","Unknown","no","Exact-equivalent","data/dataset_info.csv; data/processed/surv/TCGA-GBM_surv.rds (columns DSS_status, DSS_time); data/tcga/tcga_surv.rda (via pipeline/R/35_add_tcga_cohorts.R)","TCGA endpoint table built from data/tcga/tcga_surv.rda; times converted days -> years (/365.25)"
"TCGA-GBM","Glioma Cancer","DFS","DFI","contributing","DFI_status + DFI_time","Unknown","Unknown","Unknown","Unknown","yes","Clinically-related","data/dataset_info.csv; data/processed/surv/TCGA-GBM_surv.rds (columns DFI_status, DFI_time); data/tcga/tcga_surv.rda (via pipeline/R/35_add_tcga_cohorts.R)","TCGA endpoint table built from data/tcga/tcga_surv.rda; times converted days -> years (/365.25)"
"TCGA-GBM","Glioma Cancer","PFS","PFI","contributing","PFI_status + PFI_time","Unknown","Unknown","Unknown","Unknown","yes","Clinically-related","data/dataset_info.csv; data/processed/surv/TCGA-GBM_surv.rds (columns PFI_status, PFI_time); data/tcga/tcga_surv.rda (via pipeline/R/35_add_tcga_cohorts.R)","TCGA endpoint table built from data/tcga/tcga_surv.rda; times converted days -> years (/365.25)"
"TCGA-GBM","Glioma Cancer","MFS","not stated","not stated","not stated","Unknown","Unknown","Unknown","Unknown","not stated","Absent","data/dataset_info.csv","no MFS endpoint annotated for this cohort (EP_MFS is NA in the catalog)"
"TCGA-LAML","Leukemia Cancer","OS","OS","primary","OS_status + OS_time","Unknown","Unknown","Unknown","Unknown","no","Exact-equivalent","data/dataset_info.csv; data/processed/surv/TCGA-LAML_surv.rds (columns OS_status, OS_time); data/tcga/tcga_surv.rda (via pipeline/R/35_add_tcga_cohorts.R)","TCGA endpoint table built from data/tcga/tcga_surv.rda; times converted days -> years (/365.25)"
"TCGA-LAML","Leukemia Cancer","DSS","not stated","not stated","not stated","Unknown","Unknown","Unknown","Unknown","not stated","Absent","data/dataset_info.csv","no DSS endpoint annotated for this cohort (EP_DSS is NA in the catalog)"
"TCGA-LAML","Leukemia Cancer","DFS","not stated","not stated","not stated","Unknown","Unknown","Unknown","Unknown","not stated","Absent","data/dataset_info.csv","no DFS endpoint annotated for this cohort (EP_DFS is NA in the catalog)"
"TCGA-LAML","Leukemia Cancer","PFS","not stated","not stated","not stated","Unknown","Unknown","Unknown","Unknown","not stated","Absent","data/dataset_info.csv","no PFS endpoint annotated for this cohort (EP_PFS is NA in the catalog)"
"TCGA-LAML","Leukemia Cancer","MFS","not stated","not stated","not stated","Unknown","Unknown","Unknown","Unknown","not stated","Absent","data/dataset_info.csv","no MFS endpoint annotated for this cohort (EP_MFS is NA in the catalog)"
"TCGA-LGG","Glioma Cancer","OS","OS","primary","OS_status + OS_time","Unknown","Unknown","Unknown","Unknown","no","Exact-equivalent","data/dataset_info.csv; data/processed/surv/TCGA-LGG_surv.rds (columns OS_status, OS_time); data/tcga/tcga_surv.rda (via pipeline/R/35_add_tcga_cohorts.R)","TCGA endpoint table built from data/tcga/tcga_surv.rda; times converted days -> years (/365.25)"
"TCGA-LGG","Glioma Cancer","DSS","DSS","contributing","DSS_status + DSS_time","Unknown","Unknown","Unknown","Unknown","no","Exact-equivalent","data/dataset_info.csv; data/processed/surv/TCGA-LGG_surv.rds (columns DSS_status, DSS_time); data/tcga/tcga_surv.rda (via pipeline/R/35_add_tcga_cohorts.R)","TCGA endpoint table built from data/tcga/tcga_surv.rda; times converted days -> years (/365.25)"
"TCGA-LGG","Glioma Cancer","DFS","DFI","contributing","DFI_status + DFI_time","Unknown","Unknown","Unknown","Unknown","yes","Clinically-related","data/dataset_info.csv; data/processed/surv/TCGA-LGG_surv.rds (columns DFI_status, DFI_time); data/tcga/tcga_surv.rda (via pipeline/R/35_add_tcga_cohorts.R)","TCGA endpoint table built from data/tcga/tcga_surv.rda; times converted days -> years (/365.25)"
"TCGA-LGG","Glioma Cancer","PFS","PFI","contributing","PFI_status + PFI_time","Unknown","Unknown","Unknown","Unknown","yes","Clinically-related","data/dataset_info.csv; data/processed/surv/TCGA-LGG_surv.rds (columns PFI_status, PFI_time); data/tcga/tcga_surv.rda (via pipeline/R/35_add_tcga_cohorts.R)","TCGA endpoint table built from data/tcga/tcga_surv.rda; times converted days -> years (/365.25)"
"TCGA-LGG","Glioma Cancer","MFS","not stated","not stated","not stated","Unknown","Unknown","Unknown","Unknown","not stated","Absent","data/dataset_info.csv","no MFS endpoint annotated for this cohort (EP_MFS is NA in the catalog)"
"TCGA-LIHC","Liver Cancer","OS","OS","primary","OS_status + OS_time","Unknown","Unknown","Unknown","Unknown","no","Exact-equivalent","data/dataset_info.csv; data/processed/surv/TCGA-LIHC_surv.rds (columns OS_status, OS_time); data/tcga/tcga_surv.rda (via pipeline/R/35_add_tcga_cohorts.R)","TCGA endpoint table built from data/tcga/tcga_surv.rda; times converted days -> years (/365.25)"
"TCGA-LIHC","Liver Cancer","DSS","DSS","contributing","DSS_status + DSS_time","Unknown","Unknown","Unknown","Unknown","no","Exact-equivalent","data/dataset_info.csv; data/processed/surv/TCGA-LIHC_surv.rds (columns DSS_status, DSS_time); data/tcga/tcga_surv.rda (via pipeline/R/35_add_tcga_cohorts.R)","TCGA endpoint table built from data/tcga/tcga_surv.rda; times converted days -> years (/365.25)"
"TCGA-LIHC","Liver Cancer","DFS","DFI","contributing","DFI_status + DFI_time","Unknown","Unknown","Unknown","Unknown","yes","Clinically-related","data/dataset_info.csv; data/processed/surv/TCGA-LIHC_surv.rds (columns DFI_status, DFI_time); data/tcga/tcga_surv.rda (via pipeline/R/35_add_tcga_cohorts.R)","TCGA endpoint table built from data/tcga/tcga_surv.rda; times converted days -> years (/365.25)"
"TCGA-LIHC","Liver Cancer","PFS","PFI","contributing","PFI_status + PFI_time","Unknown","Unknown","Unknown","Unknown","yes","Clinically-related","data/dataset_info.csv; data/processed/surv/TCGA-LIHC_surv.rds (columns PFI_status, PFI_time); data/tcga/tcga_surv.rda (via pipeline/R/35_add_tcga_cohorts.R)","TCGA endpoint table built from data/tcga/tcga_surv.rda; times converted days -> years (/365.25)"
"TCGA-LIHC","Liver Cancer","MFS","not stated","not stated","not stated","Unknown","Unknown","Unknown","Unknown","not stated","Absent","data/dataset_info.csv","no MFS endpoint annotated for this cohort (EP_MFS is NA in the catalog)"
"TCGA-LUAD","Lung Cancer","OS","OS","primary","OS_status + OS_time","Unknown","Unknown","Unknown","Unknown","no","Exact-equivalent","data/dataset_info.csv; data/processed/surv/TCGA-LUAD_surv.rds (columns OS_status, OS_time); data/tcga/tcga_surv.rda (via pipeline/R/35_add_tcga_cohorts.R)","TCGA endpoint table built from data/tcga/tcga_surv.rda; times converted days -> years (/365.25)"
"TCGA-LUAD","Lung Cancer","DSS","DSS","contributing","DSS_status + DSS_time","Unknown","Unknown","Unknown","Unknown","no","Exact-equivalent","data/dataset_info.csv; data/processed/surv/TCGA-LUAD_surv.rds (columns DSS_status, DSS_time); data/tcga/tcga_surv.rda (via pipeline/R/35_add_tcga_cohorts.R)","TCGA endpoint table built from data/tcga/tcga_surv.rda; times converted days -> years (/365.25)"
"TCGA-LUAD","Lung Cancer","DFS","DFI","contributing","DFI_status + DFI_time","Unknown","Unknown","Unknown","Unknown","yes","Clinically-related","data/dataset_info.csv; data/processed/surv/TCGA-LUAD_surv.rds (columns DFI_status, DFI_time); data/tcga/tcga_surv.rda (via pipeline/R/35_add_tcga_cohorts.R)","TCGA endpoint table built from data/tcga/tcga_surv.rda; times converted days -> years (/365.25)"
"TCGA-LUAD","Lung Cancer","PFS","PFI","contributing","PFI_status + PFI_time","Unknown","Unknown","Unknown","Unknown","yes","Clinically-related","data/dataset_info.csv; data/processed/surv/TCGA-LUAD_surv.rds (columns PFI_status, PFI_time); data/tcga/tcga_surv.rda (via pipeline/R/35_add_tcga_cohorts.R)","TCGA endpoint table built from data/tcga/tcga_surv.rda; times converted days -> years (/365.25)"
"TCGA-LUAD","Lung Cancer","MFS","not stated","not stated","not stated","Unknown","Unknown","Unknown","Unknown","not stated","Absent","data/dataset_info.csv","no MFS endpoint annotated for this cohort (EP_MFS is NA in the catalog)"
"TCGA-LUSC","Lung Cancer","OS","OS","primary","OS_status + OS_time","Unknown","Unknown","Unknown","Unknown","no","Exact-equivalent","data/dataset_info.csv; data/processed/surv/TCGA-LUSC_surv.rds (columns OS_status, OS_time); data/tcga/tcga_surv.rda (via pipeline/R/35_add_tcga_cohorts.R)","TCGA endpoint table built from data/tcga/tcga_surv.rda; times converted days -> years (/365.25)"
"TCGA-LUSC","Lung Cancer","DSS","DSS","contributing","DSS_status + DSS_time","Unknown","Unknown","Unknown","Unknown","no","Exact-equivalent","data/dataset_info.csv; data/processed/surv/TCGA-LUSC_surv.rds (columns DSS_status, DSS_time); data/tcga/tcga_surv.rda (via pipeline/R/35_add_tcga_cohorts.R)","TCGA endpoint table built from data/tcga/tcga_surv.rda; times converted days -> years (/365.25)"
"TCGA-LUSC","Lung Cancer","DFS","DFI","contributing","DFI_status + DFI_time","Unknown","Unknown","Unknown","Unknown","yes","Clinically-related","data/dataset_info.csv; data/processed/surv/TCGA-LUSC_surv.rds (columns DFI_status, DFI_time); data/tcga/tcga_surv.rda (via pipeline/R/35_add_tcga_cohorts.R)","TCGA endpoint table built from data/tcga/tcga_surv.rda; times converted days -> years (/365.25)"
"TCGA-LUSC","Lung Cancer","PFS","PFI","contributing","PFI_status + PFI_time","Unknown","Unknown","Unknown","Unknown","yes","Clinically-related","data/dataset_info.csv; data/processed/surv/TCGA-LUSC_surv.rds (columns PFI_status, PFI_time); data/tcga/tcga_surv.rda (via pipeline/R/35_add_tcga_cohorts.R)","TCGA endpoint table built from data/tcga/tcga_surv.rda; times converted days -> years (/365.25)"
"TCGA-LUSC","Lung Cancer","MFS","not stated","not stated","not stated","Unknown","Unknown","Unknown","Unknown","not stated","Absent","data/dataset_info.csv","no MFS endpoint annotated for this cohort (EP_MFS is NA in the catalog)"
"TCGA-OV","Ovarian Cancer","OS","OS","primary","OS_status + OS_time","Unknown","Unknown","Unknown","Unknown","no","Exact-equivalent","data/dataset_info.csv; data/processed/surv/TCGA-OV_surv.rds (columns OS_status, OS_time); data/tcga/tcga_surv.rda (via pipeline/R/35_add_tcga_cohorts.R)","TCGA endpoint table built from data/tcga/tcga_surv.rda; times converted days -> years (/365.25)"
"TCGA-OV","Ovarian Cancer","DSS","DSS","contributing","DSS_status + DSS_time","Unknown","Unknown","Unknown","Unknown","no","Exact-equivalent","data/dataset_info.csv; data/processed/surv/TCGA-OV_surv.rds (columns DSS_status, DSS_time); data/tcga/tcga_surv.rda (via pipeline/R/35_add_tcga_cohorts.R)","TCGA endpoint table built from data/tcga/tcga_surv.rda; times converted days -> years (/365.25)"
"TCGA-OV","Ovarian Cancer","DFS","DFI","contributing","DFI_status + DFI_time","Unknown","Unknown","Unknown","Unknown","yes","Clinically-related","data/dataset_info.csv; data/processed/surv/TCGA-OV_surv.rds (columns DFI_status, DFI_time); data/tcga/tcga_surv.rda (via pipeline/R/35_add_tcga_cohorts.R)","TCGA endpoint table built from data/tcga/tcga_surv.rda; times converted days -> years (/365.25)"
"TCGA-OV","Ovarian Cancer","PFS","PFI","contributing","PFI_status + PFI_time","Unknown","Unknown","Unknown","Unknown","yes","Clinically-related","data/dataset_info.csv; data/processed/surv/TCGA-OV_surv.rds (columns PFI_status, PFI_time); data/tcga/tcga_surv.rda (via pipeline/R/35_add_tcga_cohorts.R)","TCGA endpoint table built from data/tcga/tcga_surv.rda; times converted days -> years (/365.25)"
"TCGA-OV","Ovarian Cancer","MFS","not stated","not stated","not stated","Unknown","Unknown","Unknown","Unknown","not stated","Absent","data/dataset_info.csv","no MFS endpoint annotated for this cohort (EP_MFS is NA in the catalog)"
"TCGA-PAAD","Pancreatic Cancer","OS","OS","primary","OS_status + OS_time","Unknown","Unknown","Unknown","Unknown","no","Exact-equivalent","data/dataset_info.csv; data/processed/surv/TCGA-PAAD_surv.rds (columns OS_status, OS_time); data/tcga/tcga_surv.rda (via pipeline/R/35_add_tcga_cohorts.R)","TCGA endpoint table built from data/tcga/tcga_surv.rda; times converted days -> years (/365.25)"
"TCGA-PAAD","Pancreatic Cancer","DSS","DSS","contributing","DSS_status + DSS_time","Unknown","Unknown","Unknown","Unknown","no","Exact-equivalent","data/dataset_info.csv; data/processed/surv/TCGA-PAAD_surv.rds (columns DSS_status, DSS_time); data/tcga/tcga_surv.rda (via pipeline/R/35_add_tcga_cohorts.R)","TCGA endpoint table built from data/tcga/tcga_surv.rda; times converted days -> years (/365.25)"
"TCGA-PAAD","Pancreatic Cancer","DFS","DFI","contributing","DFI_status + DFI_time","Unknown","Unknown","Unknown","Unknown","yes","Clinically-related","data/dataset_info.csv; data/processed/surv/TCGA-PAAD_surv.rds (columns DFI_status, DFI_time); data/tcga/tcga_surv.rda (via pipeline/R/35_add_tcga_cohorts.R)","TCGA endpoint table built from data/tcga/tcga_surv.rda; times converted days -> years (/365.25)"
"TCGA-PAAD","Pancreatic Cancer","PFS","PFI","contributing","PFI_status + PFI_time","Unknown","Unknown","Unknown","Unknown","yes","Clinically-related","data/dataset_info.csv; data/processed/surv/TCGA-PAAD_surv.rds (columns PFI_status, PFI_time); data/tcga/tcga_surv.rda (via pipeline/R/35_add_tcga_cohorts.R)","TCGA endpoint table built from data/tcga/tcga_surv.rda; times converted days -> years (/365.25)"
"TCGA-PAAD","Pancreatic Cancer","MFS","not stated","not stated","not stated","Unknown","Unknown","Unknown","Unknown","not stated","Absent","data/dataset_info.csv","no MFS endpoint annotated for this cohort (EP_MFS is NA in the catalog)"
"TCGA-PRAD","Prostate Cancer","OS","OS","primary","OS_status + OS_time","Unknown","Unknown","Unknown","Unknown","no","Exact-equivalent","data/dataset_info.csv; data/processed/surv/TCGA-PRAD_surv.rds (columns OS_status, OS_time); data/tcga/tcga_surv.rda (via pipeline/R/35_add_tcga_cohorts.R)","TCGA endpoint table built from data/tcga/tcga_surv.rda; times converted days -> years (/365.25)"
"TCGA-PRAD","Prostate Cancer","DSS","DSS","contributing","DSS_status + DSS_time","Unknown","Unknown","Unknown","Unknown","no","Exact-equivalent","data/dataset_info.csv; data/processed/surv/TCGA-PRAD_surv.rds (columns DSS_status, DSS_time); data/tcga/tcga_surv.rda (via pipeline/R/35_add_tcga_cohorts.R)","TCGA endpoint table built from data/tcga/tcga_surv.rda; times converted days -> years (/365.25)"
"TCGA-PRAD","Prostate Cancer","DFS","DFI","contributing","DFI_status + DFI_time","Unknown","Unknown","Unknown","Unknown","yes","Clinically-related","data/dataset_info.csv; data/processed/surv/TCGA-PRAD_surv.rds (columns DFI_status, DFI_time); data/tcga/tcga_surv.rda (via pipeline/R/35_add_tcga_cohorts.R)","TCGA endpoint table built from data/tcga/tcga_surv.rda; times converted days -> years (/365.25)"
"TCGA-PRAD","Prostate Cancer","PFS","PFI","contributing","PFI_status + PFI_time","Unknown","Unknown","Unknown","Unknown","yes","Clinically-related","data/dataset_info.csv; data/processed/surv/TCGA-PRAD_surv.rds (columns PFI_status, PFI_time); data/tcga/tcga_surv.rda (via pipeline/R/35_add_tcga_cohorts.R)","TCGA endpoint table built from data/tcga/tcga_surv.rda; times converted days -> years (/365.25)"
"TCGA-PRAD","Prostate Cancer","MFS","not stated","not stated","not stated","Unknown","Unknown","Unknown","Unknown","not stated","Absent","data/dataset_info.csv","no MFS endpoint annotated for this cohort (EP_MFS is NA in the catalog)"
"TCGA-READ","Colorectal Cancer","OS","OS","primary","OS_status + OS_time","Unknown","Unknown","Unknown","Unknown","no","Exact-equivalent","data/dataset_info.csv; data/processed/surv/TCGA-READ_surv.rds (columns OS_status, OS_time); data/tcga/tcga_surv.rda (via pipeline/R/35_add_tcga_cohorts.R)","TCGA endpoint table built from data/tcga/tcga_surv.rda; times converted days -> years (/365.25)"
"TCGA-READ","Colorectal Cancer","DSS","DSS","contributing","DSS_status + DSS_time","Unknown","Unknown","Unknown","Unknown","no","Exact-equivalent","data/dataset_info.csv; data/processed/surv/TCGA-READ_surv.rds (columns DSS_status, DSS_time); data/tcga/tcga_surv.rda (via pipeline/R/35_add_tcga_cohorts.R)","TCGA endpoint table built from data/tcga/tcga_surv.rda; times converted days -> years (/365.25)"
"TCGA-READ","Colorectal Cancer","DFS","DFI","contributing","DFI_status + DFI_time","Unknown","Unknown","Unknown","Unknown","yes","Clinically-related","data/dataset_info.csv; data/processed/surv/TCGA-READ_surv.rds (columns DFI_status, DFI_time); data/tcga/tcga_surv.rda (via pipeline/R/35_add_tcga_cohorts.R)","TCGA endpoint table built from data/tcga/tcga_surv.rda; times converted days -> years (/365.25)"
"TCGA-READ","Colorectal Cancer","PFS","PFI","contributing","PFI_status + PFI_time","Unknown","Unknown","Unknown","Unknown","yes","Clinically-related","data/dataset_info.csv; data/processed/surv/TCGA-READ_surv.rds (columns PFI_status, PFI_time); data/tcga/tcga_surv.rda (via pipeline/R/35_add_tcga_cohorts.R)","TCGA endpoint table built from data/tcga/tcga_surv.rda; times converted days -> years (/365.25)"
"TCGA-READ","Colorectal Cancer","MFS","not stated","not stated","not stated","Unknown","Unknown","Unknown","Unknown","not stated","Absent","data/dataset_info.csv","no MFS endpoint annotated for this cohort (EP_MFS is NA in the catalog)"
"TCGA-STAD","Gastric Cancer","OS","OS","primary","OS_status + OS_time","Unknown","Unknown","Unknown","Unknown","no","Exact-equivalent","data/dataset_info.csv; data/processed/surv/TCGA-STAD_surv.rds (columns OS_status, OS_time); data/tcga/tcga_surv.rda (via pipeline/R/35_add_tcga_cohorts.R)","TCGA endpoint table built from data/tcga/tcga_surv.rda; times converted days -> years (/365.25)"
"TCGA-STAD","Gastric Cancer","DSS","DSS","contributing","DSS_status + DSS_time","Unknown","Unknown","Unknown","Unknown","no","Exact-equivalent","data/dataset_info.csv; data/processed/surv/TCGA-STAD_surv.rds (columns DSS_status, DSS_time); data/tcga/tcga_surv.rda (via pipeline/R/35_add_tcga_cohorts.R)","TCGA endpoint table built from data/tcga/tcga_surv.rda; times converted days -> years (/365.25)"
"TCGA-STAD","Gastric Cancer","DFS","DFI","contributing","DFI_status + DFI_time","Unknown","Unknown","Unknown","Unknown","yes","Clinically-related","data/dataset_info.csv; data/processed/surv/TCGA-STAD_surv.rds (columns DFI_status, DFI_time); data/tcga/tcga_surv.rda (via pipeline/R/35_add_tcga_cohorts.R)","TCGA endpoint table built from data/tcga/tcga_surv.rda; times converted days -> years (/365.25)"
"TCGA-STAD","Gastric Cancer","PFS","PFI","contributing","PFI_status + PFI_time","Unknown","Unknown","Unknown","Unknown","yes","Clinically-related","data/dataset_info.csv; data/processed/surv/TCGA-STAD_surv.rds (columns PFI_status, PFI_time); data/tcga/tcga_surv.rda (via pipeline/R/35_add_tcga_cohorts.R)","TCGA endpoint table built from data/tcga/tcga_surv.rda; times converted days -> years (/365.25)"
"TCGA-STAD","Gastric Cancer","MFS","not stated","not stated","not stated","Unknown","Unknown","Unknown","Unknown","not stated","Absent","data/dataset_info.csv","no MFS endpoint annotated for this cohort (EP_MFS is NA in the catalog)"
"TCGA-KIRC","Kidney Cancer","OS","OS","primary","OS_status + OS_time","Unknown","Unknown","Unknown","Unknown","no","Exact-equivalent","data/dataset_info.csv; data/processed/surv/TCGA-KIRC_surv.rds (columns OS_status, OS_time); data/tcga/tcga_surv.rda (via pipeline/R/35_add_tcga_cohorts.R)","TCGA endpoint table built from data/tcga/tcga_surv.rda; times converted days -> years (/365.25)"
"TCGA-KIRC","Kidney Cancer","DSS","DSS","contributing","DSS_status + DSS_time","Unknown","Unknown","Unknown","Unknown","no","Exact-equivalent","data/dataset_info.csv; data/processed/surv/TCGA-KIRC_surv.rds (columns DSS_status, DSS_time); data/tcga/tcga_surv.rda (via pipeline/R/35_add_tcga_cohorts.R)","TCGA endpoint table built from data/tcga/tcga_surv.rda; times converted days -> years (/365.25)"
"TCGA-KIRC","Kidney Cancer","DFS","DFI","contributing","DFI_status + DFI_time","Unknown","Unknown","Unknown","Unknown","yes","Clinically-related","data/dataset_info.csv; data/processed/surv/TCGA-KIRC_surv.rds (columns DFI_status, DFI_time); data/tcga/tcga_surv.rda (via pipeline/R/35_add_tcga_cohorts.R)","TCGA endpoint table built from data/tcga/tcga_surv.rda; times converted days -> years (/365.25)"
"TCGA-KIRC","Kidney Cancer","PFS","PFI","contributing","PFI_status + PFI_time","Unknown","Unknown","Unknown","Unknown","yes","Clinically-related","data/dataset_info.csv; data/processed/surv/TCGA-KIRC_surv.rds (columns PFI_status, PFI_time); data/tcga/tcga_surv.rda (via pipeline/R/35_add_tcga_cohorts.R)","TCGA endpoint table built from data/tcga/tcga_surv.rda; times converted days -> years (/365.25)"
"TCGA-KIRC","Kidney Cancer","MFS","not stated","not stated","not stated","Unknown","Unknown","Unknown","Unknown","not stated","Absent","data/dataset_info.csv","no MFS endpoint annotated for this cohort (EP_MFS is NA in the catalog)"
"TCGA-THCA","Thyroid Cancer","OS","OS","primary","OS_status + OS_time","Unknown","Unknown","Unknown","Unknown","no","Exact-equivalent","data/dataset_info.csv; data/processed/surv/TCGA-THCA_surv.rds (columns OS_status, OS_time); data/tcga/tcga_surv.rda (via pipeline/R/35_add_tcga_cohorts.R)","TCGA endpoint table built from data/tcga/tcga_surv.rda; times converted days -> years (/365.25)"
"TCGA-THCA","Thyroid Cancer","DSS","DSS","contributing","DSS_status + DSS_time","Unknown","Unknown","Unknown","Unknown","no","Exact-equivalent","data/dataset_info.csv; data/processed/surv/TCGA-THCA_surv.rds (columns DSS_status, DSS_time); data/tcga/tcga_surv.rda (via pipeline/R/35_add_tcga_cohorts.R)","TCGA endpoint table built from data/tcga/tcga_surv.rda; times converted days -> years (/365.25)"
"TCGA-THCA","Thyroid Cancer","DFS","DFI","contributing","DFI_status + DFI_time","Unknown","Unknown","Unknown","Unknown","yes","Clinically-related","data/dataset_info.csv; data/processed/surv/TCGA-THCA_surv.rds (columns DFI_status, DFI_time); data/tcga/tcga_surv.rda (via pipeline/R/35_add_tcga_cohorts.R)","TCGA endpoint table built from data/tcga/tcga_surv.rda; times converted days -> years (/365.25)"
"TCGA-THCA","Thyroid Cancer","PFS","PFI","contributing","PFI_status + PFI_time","Unknown","Unknown","Unknown","Unknown","yes","Clinically-related","data/dataset_info.csv; data/processed/surv/TCGA-THCA_surv.rds (columns PFI_status, PFI_time); data/tcga/tcga_surv.rda (via pipeline/R/35_add_tcga_cohorts.R)","TCGA endpoint table built from data/tcga/tcga_surv.rda; times converted days -> years (/365.25)"
"TCGA-THCA","Thyroid Cancer","MFS","not stated","not stated","not stated","Unknown","Unknown","Unknown","Unknown","not stated","Absent","data/dataset_info.csv","no MFS endpoint annotated for this cohort (EP_MFS is NA in the catalog)"
"TCGA-HNSC","Head and Neck Cancer","OS","OS","primary","OS_status + OS_time","Unknown","Unknown","Unknown","Unknown","no","Exact-equivalent","data/dataset_info.csv; data/processed/surv/TCGA-HNSC_surv.rds (columns OS_status, OS_time); data/tcga/tcga_surv.rda (via pipeline/R/35_add_tcga_cohorts.R)","TCGA endpoint table built from data/tcga/tcga_surv.rda; times converted days -> years (/365.25)"
"TCGA-HNSC","Head and Neck Cancer","DSS","DSS","contributing","DSS_status + DSS_time","Unknown","Unknown","Unknown","Unknown","no","Exact-equivalent","data/dataset_info.csv; data/processed/surv/TCGA-HNSC_surv.rds (columns DSS_status, DSS_time); data/tcga/tcga_surv.rda (via pipeline/R/35_add_tcga_cohorts.R)","TCGA endpoint table built from data/tcga/tcga_surv.rda; times converted days -> years (/365.25)"
"TCGA-HNSC","Head and Neck Cancer","DFS","DFI","contributing","DFI_status + DFI_time","Unknown","Unknown","Unknown","Unknown","yes","Clinically-related","data/dataset_info.csv; data/processed/surv/TCGA-HNSC_surv.rds (columns DFI_status, DFI_time); data/tcga/tcga_surv.rda (via pipeline/R/35_add_tcga_cohorts.R)","TCGA endpoint table built from data/tcga/tcga_surv.rda; times converted days -> years (/365.25)"
"TCGA-HNSC","Head and Neck Cancer","PFS","PFI","contributing","PFI_status + PFI_time","Unknown","Unknown","Unknown","Unknown","yes","Clinically-related","data/dataset_info.csv; data/processed/surv/TCGA-HNSC_surv.rds (columns PFI_status, PFI_time); data/tcga/tcga_surv.rda (via pipeline/R/35_add_tcga_cohorts.R)","TCGA endpoint table built from data/tcga/tcga_surv.rda; times converted days -> years (/365.25)"
"TCGA-HNSC","Head and Neck Cancer","MFS","not stated","not stated","not stated","Unknown","Unknown","Unknown","Unknown","not stated","Absent","data/dataset_info.csv","no MFS endpoint annotated for this cohort (EP_MFS is NA in the catalog)"
"TCGA-SKCM","Melanoma","OS","OS","primary","OS_status + OS_time","Unknown","Unknown","Unknown","Unknown","no","Exact-equivalent","data/dataset_info.csv; data/processed/surv/TCGA-SKCM_surv.rds (columns OS_status, OS_time); data/tcga/tcga_surv.rda (via pipeline/R/35_add_tcga_cohorts.R)","TCGA endpoint table built from data/tcga/tcga_surv.rda; times converted days -> years (/365.25)"
"TCGA-SKCM","Melanoma","DSS","DSS","contributing","DSS_status + DSS_time","Unknown","Unknown","Unknown","Unknown","no","Exact-equivalent","data/dataset_info.csv; data/processed/surv/TCGA-SKCM_surv.rds (columns DSS_status, DSS_time); data/tcga/tcga_surv.rda (via pipeline/R/35_add_tcga_cohorts.R)","TCGA endpoint table built from data/tcga/tcga_surv.rda; times converted days -> years (/365.25)"
"TCGA-SKCM","Melanoma","DFS","not stated","not stated","not stated","Unknown","Unknown","Unknown","Unknown","not stated","Absent","data/dataset_info.csv","no DFS endpoint annotated for this cohort (EP_DFS is NA in the catalog)"
"TCGA-SKCM","Melanoma","PFS","PFI","contributing","PFI_status + PFI_time","Unknown","Unknown","Unknown","Unknown","yes","Clinically-related","data/dataset_info.csv; data/processed/surv/TCGA-SKCM_surv.rds (columns PFI_status, PFI_time); data/tcga/tcga_surv.rda (via pipeline/R/35_add_tcga_cohorts.R)","TCGA endpoint table built from data/tcga/tcga_surv.rda; times converted days -> years (/365.25)"
"TCGA-SKCM","Melanoma","MFS","not stated","not stated","not stated","Unknown","Unknown","Unknown","Unknown","not stated","Absent","data/dataset_info.csv","no MFS endpoint annotated for this cohort (EP_MFS is NA in the catalog)"
"TCGA-KIRP","Kidney Cancer","OS","OS","primary","OS_status + OS_time","Unknown","Unknown","Unknown","Unknown","no","Exact-equivalent","data/dataset_info.csv; data/processed/surv/TCGA-KIRP_surv.rds (columns OS_status, OS_time); data/tcga/tcga_surv.rda (via pipeline/R/35_add_tcga_cohorts.R)","TCGA endpoint table built from data/tcga/tcga_surv.rda; times converted days -> years (/365.25)"
"TCGA-KIRP","Kidney Cancer","DSS","DSS","contributing","DSS_status + DSS_time","Unknown","Unknown","Unknown","Unknown","no","Exact-equivalent","data/dataset_info.csv; data/processed/surv/TCGA-KIRP_surv.rds (columns DSS_status, DSS_time); data/tcga/tcga_surv.rda (via pipeline/R/35_add_tcga_cohorts.R)","TCGA endpoint table built from data/tcga/tcga_surv.rda; times converted days -> years (/365.25)"
"TCGA-KIRP","Kidney Cancer","DFS","DFI","contributing","DFI_status + DFI_time","Unknown","Unknown","Unknown","Unknown","yes","Clinically-related","data/dataset_info.csv; data/processed/surv/TCGA-KIRP_surv.rds (columns DFI_status, DFI_time); data/tcga/tcga_surv.rda (via pipeline/R/35_add_tcga_cohorts.R)","TCGA endpoint table built from data/tcga/tcga_surv.rda; times converted days -> years (/365.25)"
"TCGA-KIRP","Kidney Cancer","PFS","PFI","contributing","PFI_status + PFI_time","Unknown","Unknown","Unknown","Unknown","yes","Clinically-related","data/dataset_info.csv; data/processed/surv/TCGA-KIRP_surv.rds (columns PFI_status, PFI_time); data/tcga/tcga_surv.rda (via pipeline/R/35_add_tcga_cohorts.R)","TCGA endpoint table built from data/tcga/tcga_surv.rda; times converted days -> years (/365.25)"
"TCGA-KIRP","Kidney Cancer","MFS","not stated","not stated","not stated","Unknown","Unknown","Unknown","Unknown","not stated","Absent","data/dataset_info.csv","no MFS endpoint annotated for this cohort (EP_MFS is NA in the catalog)"
"TCGA-SARC","Sarcoma","OS","OS","primary","OS_status + OS_time","Unknown","Unknown","Unknown","Unknown","no","Exact-equivalent","data/dataset_info.csv; data/processed/surv/TCGA-SARC_surv.rds (columns OS_status, OS_time); data/tcga/tcga_surv.rda (via pipeline/R/35_add_tcga_cohorts.R)","TCGA endpoint table built from data/tcga/tcga_surv.rda; times converted days -> years (/365.25)"
"TCGA-SARC","Sarcoma","DSS","DSS","contributing","DSS_status + DSS_time","Unknown","Unknown","Unknown","Unknown","no","Exact-equivalent","data/dataset_info.csv; data/processed/surv/TCGA-SARC_surv.rds (columns DSS_status, DSS_time); data/tcga/tcga_surv.rda (via pipeline/R/35_add_tcga_cohorts.R)","TCGA endpoint table built from data/tcga/tcga_surv.rda; times converted days -> years (/365.25)"
"TCGA-SARC","Sarcoma","DFS","DFI","contributing","DFI_status + DFI_time","Unknown","Unknown","Unknown","Unknown","yes","Clinically-related","data/dataset_info.csv; data/processed/surv/TCGA-SARC_surv.rds (columns DFI_status, DFI_time); data/tcga/tcga_surv.rda (via pipeline/R/35_add_tcga_cohorts.R)","TCGA endpoint table built from data/tcga/tcga_surv.rda; times converted days -> years (/365.25)"
"TCGA-SARC","Sarcoma","PFS","PFI","contributing","PFI_status + PFI_time","Unknown","Unknown","Unknown","Unknown","yes","Clinically-related","data/dataset_info.csv; data/processed/surv/TCGA-SARC_surv.rds (columns PFI_status, PFI_time); data/tcga/tcga_surv.rda (via pipeline/R/35_add_tcga_cohorts.R)","TCGA endpoint table built from data/tcga/tcga_surv.rda; times converted days -> years (/365.25)"
"TCGA-SARC","Sarcoma","MFS","not stated","not stated","not stated","Unknown","Unknown","Unknown","Unknown","not stated","Absent","data/dataset_info.csv","no MFS endpoint annotated for this cohort (EP_MFS is NA in the catalog)"
"TCGA-ESCA","Esophageal Cancer","OS","OS","primary","OS_status + OS_time","Unknown","Unknown","Unknown","Unknown","no","Exact-equivalent","data/dataset_info.csv; data/processed/surv/TCGA-ESCA_surv.rds (columns OS_status, OS_time); data/tcga/tcga_surv.rda (via pipeline/R/35_add_tcga_cohorts.R)","TCGA endpoint table built from data/tcga/tcga_surv.rda; times converted days -> years (/365.25)"
"TCGA-ESCA","Esophageal Cancer","DSS","DSS","contributing","DSS_status + DSS_time","Unknown","Unknown","Unknown","Unknown","no","Exact-equivalent","data/dataset_info.csv; data/processed/surv/TCGA-ESCA_surv.rds (columns DSS_status, DSS_time); data/tcga/tcga_surv.rda (via pipeline/R/35_add_tcga_cohorts.R)","TCGA endpoint table built from data/tcga/tcga_surv.rda; times converted days -> years (/365.25)"
"TCGA-ESCA","Esophageal Cancer","DFS","DFI","contributing","DFI_status + DFI_time","Unknown","Unknown","Unknown","Unknown","yes","Clinically-related","data/dataset_info.csv; data/processed/surv/TCGA-ESCA_surv.rds (columns DFI_status, DFI_time); data/tcga/tcga_surv.rda (via pipeline/R/35_add_tcga_cohorts.R)","TCGA endpoint table built from data/tcga/tcga_surv.rda; times converted days -> years (/365.25)"
"TCGA-ESCA","Esophageal Cancer","PFS","PFI","contributing","PFI_status + PFI_time","Unknown","Unknown","Unknown","Unknown","yes","Clinically-related","data/dataset_info.csv; data/processed/surv/TCGA-ESCA_surv.rds (columns PFI_status, PFI_time); data/tcga/tcga_surv.rda (via pipeline/R/35_add_tcga_cohorts.R)","TCGA endpoint table built from data/tcga/tcga_surv.rda; times converted days -> years (/365.25)"
"TCGA-ESCA","Esophageal Cancer","MFS","not stated","not stated","not stated","Unknown","Unknown","Unknown","Unknown","not stated","Absent","data/dataset_info.csv","no MFS endpoint annotated for this cohort (EP_MFS is NA in the catalog)"
"TCGA-UCEC","Endometrial Cancer","OS","OS","primary","OS_status + OS_time","Unknown","Unknown","Unknown","Unknown","no","Exact-equivalent","data/dataset_info.csv; data/processed/surv/TCGA-UCEC_surv.rds (columns OS_status, OS_time); data/tcga/tcga_surv.rda (via pipeline/R/35_add_tcga_cohorts.R)","TCGA endpoint table built from data/tcga/tcga_surv.rda; times converted days -> years (/365.25)"
"TCGA-UCEC","Endometrial Cancer","DSS","DSS","contributing","DSS_status + DSS_time","Unknown","Unknown","Unknown","Unknown","no","Exact-equivalent","data/dataset_info.csv; data/processed/surv/TCGA-UCEC_surv.rds (columns DSS_status, DSS_time); data/tcga/tcga_surv.rda (via pipeline/R/35_add_tcga_cohorts.R)","TCGA endpoint table built from data/tcga/tcga_surv.rda; times converted days -> years (/365.25)"
"TCGA-UCEC","Endometrial Cancer","DFS","DFI","contributing","DFI_status + DFI_time","Unknown","Unknown","Unknown","Unknown","yes","Clinically-related","data/dataset_info.csv; data/processed/surv/TCGA-UCEC_surv.rds (columns DFI_status, DFI_time); data/tcga/tcga_surv.rda (via pipeline/R/35_add_tcga_cohorts.R)","TCGA endpoint table built from data/tcga/tcga_surv.rda; times converted days -> years (/365.25)"
"TCGA-UCEC","Endometrial Cancer","PFS","PFI","contributing","PFI_status + PFI_time","Unknown","Unknown","Unknown","Unknown","yes","Clinically-related","data/dataset_info.csv; data/processed/surv/TCGA-UCEC_surv.rds (columns PFI_status, PFI_time); data/tcga/tcga_surv.rda (via pipeline/R/35_add_tcga_cohorts.R)","TCGA endpoint table built from data/tcga/tcga_surv.rda; times converted days -> years (/365.25)"
"TCGA-UCEC","Endometrial Cancer","MFS","not stated","not stated","not stated","Unknown","Unknown","Unknown","Unknown","not stated","Absent","data/dataset_info.csv","no MFS endpoint annotated for this cohort (EP_MFS is NA in the catalog)"
"TCGA-PCPG","Pheochromocytoma","OS","OS","primary","OS_status + OS_time","Unknown","Unknown","Unknown","Unknown","no","Exact-equivalent","data/dataset_info.csv; data/processed/surv/TCGA-PCPG_surv.rds (columns OS_status, OS_time); data/tcga/tcga_surv.rda (via pipeline/R/35_add_tcga_cohorts.R)","TCGA endpoint table built from data/tcga/tcga_surv.rda; times converted days -> years (/365.25)"
"TCGA-PCPG","Pheochromocytoma","DSS","DSS","contributing","DSS_status + DSS_time","Unknown","Unknown","Unknown","Unknown","no","Exact-equivalent","data/dataset_info.csv; data/processed/surv/TCGA-PCPG_surv.rds (columns DSS_status, DSS_time); data/tcga/tcga_surv.rda (via pipeline/R/35_add_tcga_cohorts.R)","TCGA endpoint table built from data/tcga/tcga_surv.rda; times converted days -> years (/365.25)"
"TCGA-PCPG","Pheochromocytoma","DFS","DFI","contributing","DFI_status + DFI_time","Unknown","Unknown","Unknown","Unknown","yes","Clinically-related","data/dataset_info.csv; data/processed/surv/TCGA-PCPG_surv.rds (columns DFI_status, DFI_time); data/tcga/tcga_surv.rda (via pipeline/R/35_add_tcga_cohorts.R)","TCGA endpoint table built from data/tcga/tcga_surv.rda; times converted days -> years (/365.25)"
"TCGA-PCPG","Pheochromocytoma","PFS","PFI","contributing","PFI_status + PFI_time","Unknown","Unknown","Unknown","Unknown","yes","Clinically-related","data/dataset_info.csv; data/processed/surv/TCGA-PCPG_surv.rds (columns PFI_status, PFI_time); data/tcga/tcga_surv.rda (via pipeline/R/35_add_tcga_cohorts.R)","TCGA endpoint table built from data/tcga/tcga_surv.rda; times converted days -> years (/365.25)"
"TCGA-PCPG","Pheochromocytoma","MFS","not stated","not stated","not stated","Unknown","Unknown","Unknown","Unknown","not stated","Absent","data/dataset_info.csv","no MFS endpoint annotated for this cohort (EP_MFS is NA in the catalog)"
"TCGA-TGCT","Testicular Cancer","OS","OS","primary","OS_status + OS_time","Unknown","Unknown","Unknown","Unknown","no","Exact-equivalent","data/dataset_info.csv; data/processed/surv/TCGA-TGCT_surv.rds (columns OS_status, OS_time); data/tcga/tcga_surv.rda (via pipeline/R/35_add_tcga_cohorts.R)","TCGA endpoint table built from data/tcga/tcga_surv.rda; times converted days -> years (/365.25)"
"TCGA-TGCT","Testicular Cancer","DSS","DSS","contributing","DSS_status + DSS_time","Unknown","Unknown","Unknown","Unknown","no","Exact-equivalent","data/dataset_info.csv; data/processed/surv/TCGA-TGCT_surv.rds (columns DSS_status, DSS_time); data/tcga/tcga_surv.rda (via pipeline/R/35_add_tcga_cohorts.R)","TCGA endpoint table built from data/tcga/tcga_surv.rda; times converted days -> years (/365.25)"
"TCGA-TGCT","Testicular Cancer","DFS","DFI","contributing","DFI_status + DFI_time","Unknown","Unknown","Unknown","Unknown","yes","Clinically-related","data/dataset_info.csv; data/processed/surv/TCGA-TGCT_surv.rds (columns DFI_status, DFI_time); data/tcga/tcga_surv.rda (via pipeline/R/35_add_tcga_cohorts.R)","TCGA endpoint table built from data/tcga/tcga_surv.rda; times converted days -> years (/365.25)"
"TCGA-TGCT","Testicular Cancer","PFS","PFI","contributing","PFI_status + PFI_time","Unknown","Unknown","Unknown","Unknown","yes","Clinically-related","data/dataset_info.csv; data/processed/surv/TCGA-TGCT_surv.rds (columns PFI_status, PFI_time); data/tcga/tcga_surv.rda (via pipeline/R/35_add_tcga_cohorts.R)","TCGA endpoint table built from data/tcga/tcga_surv.rda; times converted days -> years (/365.25)"
"TCGA-TGCT","Testicular Cancer","MFS","not stated","not stated","not stated","Unknown","Unknown","Unknown","Unknown","not stated","Absent","data/dataset_info.csv","no MFS endpoint annotated for this cohort (EP_MFS is NA in the catalog)"
"TCGA-THYM","Thymoma","OS","OS","primary","OS_status + OS_time","Unknown","Unknown","Unknown","Unknown","no","Exact-equivalent","data/dataset_info.csv; data/processed/surv/TCGA-THYM_surv.rds (columns OS_status, OS_time); data/tcga/tcga_surv.rda (via pipeline/R/35_add_tcga_cohorts.R)","TCGA endpoint table built from data/tcga/tcga_surv.rda; times converted days -> years (/365.25)"
"TCGA-THYM","Thymoma","DSS","DSS","contributing","DSS_status + DSS_time","Unknown","Unknown","Unknown","Unknown","no","Exact-equivalent","data/dataset_info.csv; data/processed/surv/TCGA-THYM_surv.rds (columns DSS_status, DSS_time); data/tcga/tcga_surv.rda (via pipeline/R/35_add_tcga_cohorts.R)","TCGA endpoint table built from data/tcga/tcga_surv.rda; times converted days -> years (/365.25)"
"TCGA-THYM","Thymoma","DFS","not stated","not stated","not stated","Unknown","Unknown","Unknown","Unknown","not stated","Absent","data/dataset_info.csv","no DFS endpoint annotated for this cohort (EP_DFS is NA in the catalog)"
"TCGA-THYM","Thymoma","PFS","PFI","contributing","PFI_status + PFI_time","Unknown","Unknown","Unknown","Unknown","yes","Clinically-related","data/dataset_info.csv; data/processed/surv/TCGA-THYM_surv.rds (columns PFI_status, PFI_time); data/tcga/tcga_surv.rda (via pipeline/R/35_add_tcga_cohorts.R)","TCGA endpoint table built from data/tcga/tcga_surv.rda; times converted days -> years (/365.25)"
"TCGA-THYM","Thymoma","MFS","not stated","not stated","not stated","Unknown","Unknown","Unknown","Unknown","not stated","Absent","data/dataset_info.csv","no MFS endpoint annotated for this cohort (EP_MFS is NA in the catalog)"
"TCGA-KICH","Kidney Cancer","OS","OS","primary","OS_status + OS_time","Unknown","Unknown","Unknown","Unknown","no","Exact-equivalent","data/dataset_info.csv; data/processed/surv/TCGA-KICH_surv.rds (columns OS_status, OS_time); data/tcga/tcga_surv.rda (via pipeline/R/35_add_tcga_cohorts.R)","TCGA endpoint table built from data/tcga/tcga_surv.rda; times converted days -> years (/365.25)"
"TCGA-KICH","Kidney Cancer","DSS","DSS","contributing","DSS_status + DSS_time","Unknown","Unknown","Unknown","Unknown","no","Exact-equivalent","data/dataset_info.csv; data/processed/surv/TCGA-KICH_surv.rds (columns DSS_status, DSS_time); data/tcga/tcga_surv.rda (via pipeline/R/35_add_tcga_cohorts.R)","TCGA endpoint table built from data/tcga/tcga_surv.rda; times converted days -> years (/365.25)"
"TCGA-KICH","Kidney Cancer","DFS","DFI","contributing","DFI_status + DFI_time","Unknown","Unknown","Unknown","Unknown","yes","Clinically-related","data/dataset_info.csv; data/processed/surv/TCGA-KICH_surv.rds (columns DFI_status, DFI_time); data/tcga/tcga_surv.rda (via pipeline/R/35_add_tcga_cohorts.R)","TCGA endpoint table built from data/tcga/tcga_surv.rda; times converted days -> years (/365.25)"
"TCGA-KICH","Kidney Cancer","PFS","PFI","contributing","PFI_status + PFI_time","Unknown","Unknown","Unknown","Unknown","yes","Clinically-related","data/dataset_info.csv; data/processed/surv/TCGA-KICH_surv.rds (columns PFI_status, PFI_time); data/tcga/tcga_surv.rda (via pipeline/R/35_add_tcga_cohorts.R)","TCGA endpoint table built from data/tcga/tcga_surv.rda; times converted days -> years (/365.25)"
"TCGA-KICH","Kidney Cancer","MFS","not stated","not stated","not stated","Unknown","Unknown","Unknown","Unknown","not stated","Absent","data/dataset_info.csv","no MFS endpoint annotated for this cohort (EP_MFS is NA in the catalog)"
"TCGA-MESO","Mesothelioma","OS","OS","primary","OS_status + OS_time","Unknown","Unknown","Unknown","Unknown","no","Exact-equivalent","data/dataset_info.csv; data/processed/surv/TCGA-MESO_surv.rds (columns OS_status, OS_time); data/tcga/tcga_surv.rda (via pipeline/R/35_add_tcga_cohorts.R)","TCGA endpoint table built from data/tcga/tcga_surv.rda; times converted days -> years (/365.25)"
"TCGA-MESO","Mesothelioma","DSS","DSS","contributing","DSS_status + DSS_time","Unknown","Unknown","Unknown","Unknown","no","Exact-equivalent","data/dataset_info.csv; data/processed/surv/TCGA-MESO_surv.rds (columns DSS_status, DSS_time); data/tcga/tcga_surv.rda (via pipeline/R/35_add_tcga_cohorts.R)","TCGA endpoint table built from data/tcga/tcga_surv.rda; times converted days -> years (/365.25)"
"TCGA-MESO","Mesothelioma","DFS","DFI","contributing","DFI_status + DFI_time","Unknown","Unknown","Unknown","Unknown","yes","Clinically-related","data/dataset_info.csv; data/processed/surv/TCGA-MESO_surv.rds (columns DFI_status, DFI_time); data/tcga/tcga_surv.rda (via pipeline/R/35_add_tcga_cohorts.R)","TCGA endpoint table built from data/tcga/tcga_surv.rda; times converted days -> years (/365.25)"
"TCGA-MESO","Mesothelioma","PFS","PFI","contributing","PFI_status + PFI_time","Unknown","Unknown","Unknown","Unknown","yes","Clinically-related","data/dataset_info.csv; data/processed/surv/TCGA-MESO_surv.rds (columns PFI_status, PFI_time); data/tcga/tcga_surv.rda (via pipeline/R/35_add_tcga_cohorts.R)","TCGA endpoint table built from data/tcga/tcga_surv.rda; times converted days -> years (/365.25)"
"TCGA-MESO","Mesothelioma","MFS","not stated","not stated","not stated","Unknown","Unknown","Unknown","Unknown","not stated","Absent","data/dataset_info.csv","no MFS endpoint annotated for this cohort (EP_MFS is NA in the catalog)"
"TCGA-UVM","Uveal Melanoma","OS","OS","primary","OS_status + OS_time","Unknown","Unknown","Unknown","Unknown","no","Exact-equivalent","data/dataset_info.csv; data/processed/surv/TCGA-UVM_surv.rds (columns OS_status, OS_time); data/tcga/tcga_surv.rda (via pipeline/R/35_add_tcga_cohorts.R)","TCGA endpoint table built from data/tcga/tcga_surv.rda; times converted days -> years (/365.25)"
"TCGA-UVM","Uveal Melanoma","DSS","DSS","contributing","DSS_status + DSS_time","Unknown","Unknown","Unknown","Unknown","no","Exact-equivalent","data/dataset_info.csv; data/processed/surv/TCGA-UVM_surv.rds (columns DSS_status, DSS_time); data/tcga/tcga_surv.rda (via pipeline/R/35_add_tcga_cohorts.R)","TCGA endpoint table built from data/tcga/tcga_surv.rda; times converted days -> years (/365.25)"
"TCGA-UVM","Uveal Melanoma","DFS","not stated","not stated","not stated","Unknown","Unknown","Unknown","Unknown","not stated","Absent","data/dataset_info.csv","no DFS endpoint annotated for this cohort (EP_DFS is NA in the catalog)"
"TCGA-UVM","Uveal Melanoma","PFS","PFI","contributing","PFI_status + PFI_time","Unknown","Unknown","Unknown","Unknown","yes","Clinically-related","data/dataset_info.csv; data/processed/surv/TCGA-UVM_surv.rds (columns PFI_status, PFI_time); data/tcga/tcga_surv.rda (via pipeline/R/35_add_tcga_cohorts.R)","TCGA endpoint table built from data/tcga/tcga_surv.rda; times converted days -> years (/365.25)"
"TCGA-UVM","Uveal Melanoma","MFS","not stated","not stated","not stated","Unknown","Unknown","Unknown","Unknown","not stated","Absent","data/dataset_info.csv","no MFS endpoint annotated for this cohort (EP_MFS is NA in the catalog)"
"TCGA-ACC","Adrenocortical Cancer","OS","OS","primary","OS_status + OS_time","Unknown","Unknown","Unknown","Unknown","no","Exact-equivalent","data/dataset_info.csv; data/processed/surv/TCGA-ACC_surv.rds (columns OS_status, OS_time); data/tcga/tcga_surv.rda (via pipeline/R/35_add_tcga_cohorts.R)","TCGA endpoint table built from data/tcga/tcga_surv.rda; times converted days -> years (/365.25)"
"TCGA-ACC","Adrenocortical Cancer","DSS","DSS","contributing","DSS_status + DSS_time","Unknown","Unknown","Unknown","Unknown","no","Exact-equivalent","data/dataset_info.csv; data/processed/surv/TCGA-ACC_surv.rds (columns DSS_status, DSS_time); data/tcga/tcga_surv.rda (via pipeline/R/35_add_tcga_cohorts.R)","TCGA endpoint table built from data/tcga/tcga_surv.rda; times converted days -> years (/365.25)"
"TCGA-ACC","Adrenocortical Cancer","DFS","DFI","contributing","DFI_status + DFI_time","Unknown","Unknown","Unknown","Unknown","yes","Clinically-related","data/dataset_info.csv; data/processed/surv/TCGA-ACC_surv.rds (columns DFI_status, DFI_time); data/tcga/tcga_surv.rda (via pipeline/R/35_add_tcga_cohorts.R)","TCGA endpoint table built from data/tcga/tcga_surv.rda; times converted days -> years (/365.25)"
"TCGA-ACC","Adrenocortical Cancer","PFS","PFI","contributing","PFI_status + PFI_time","Unknown","Unknown","Unknown","Unknown","yes","Clinically-related","data/dataset_info.csv; data/processed/surv/TCGA-ACC_surv.rds (columns PFI_status, PFI_time); data/tcga/tcga_surv.rda (via pipeline/R/35_add_tcga_cohorts.R)","TCGA endpoint table built from data/tcga/tcga_surv.rda; times converted days -> years (/365.25)"
"TCGA-ACC","Adrenocortical Cancer","MFS","not stated","not stated","not stated","Unknown","Unknown","Unknown","Unknown","not stated","Absent","data/dataset_info.csv","no MFS endpoint annotated for this cohort (EP_MFS is NA in the catalog)"
"TCGA-UCS","Uterine Carcinosarcoma","OS","OS","primary","OS_status + OS_time","Unknown","Unknown","Unknown","Unknown","no","Exact-equivalent","data/dataset_info.csv; data/processed/surv/TCGA-UCS_surv.rds (columns OS_status, OS_time); data/tcga/tcga_surv.rda (via pipeline/R/35_add_tcga_cohorts.R)","TCGA endpoint table built from data/tcga/tcga_surv.rda; times converted days -> years (/365.25)"
"TCGA-UCS","Uterine Carcinosarcoma","DSS","DSS","contributing","DSS_status + DSS_time","Unknown","Unknown","Unknown","Unknown","no","Exact-equivalent","data/dataset_info.csv; data/processed/surv/TCGA-UCS_surv.rds (columns DSS_status, DSS_time); data/tcga/tcga_surv.rda (via pipeline/R/35_add_tcga_cohorts.R)","TCGA endpoint table built from data/tcga/tcga_surv.rda; times converted days -> years (/365.25)"
"TCGA-UCS","Uterine Carcinosarcoma","DFS","DFI","contributing","DFI_status + DFI_time","Unknown","Unknown","Unknown","Unknown","yes","Clinically-related","data/dataset_info.csv; data/processed/surv/TCGA-UCS_surv.rds (columns DFI_status, DFI_time); data/tcga/tcga_surv.rda (via pipeline/R/35_add_tcga_cohorts.R)","TCGA endpoint table built from data/tcga/tcga_surv.rda; times converted days -> years (/365.25)"
"TCGA-UCS","Uterine Carcinosarcoma","PFS","PFI","contributing","PFI_status + PFI_time","Unknown","Unknown","Unknown","Unknown","yes","Clinically-related","data/dataset_info.csv; data/processed/surv/TCGA-UCS_surv.rds (columns PFI_status, PFI_time); data/tcga/tcga_surv.rda (via pipeline/R/35_add_tcga_cohorts.R)","TCGA endpoint table built from data/tcga/tcga_surv.rda; times converted days -> years (/365.25)"
"TCGA-UCS","Uterine Carcinosarcoma","MFS","not stated","not stated","not stated","Unknown","Unknown","Unknown","Unknown","not stated","Absent","data/dataset_info.csv","no MFS endpoint annotated for this cohort (EP_MFS is NA in the catalog)"
"GSE53625","Esophageal Cancer","OS","OS","primary","death at fu + survival time(months)","Unknown","Unknown","Unknown","Unknown","no","Exact-equivalent","data/dataset_info.csv; data/processed/surv/GSE53625_surv.rds (columns OS_status, OS_time); pipeline/R/03_surv_table.R","source time unit: month (converted to years)"
"GSE53625","Esophageal Cancer","DSS","not stated","not stated","not stated","Unknown","Unknown","Unknown","Unknown","not stated","Absent","data/dataset_info.csv","no DSS endpoint annotated for this cohort (EP_DSS is NA in the catalog)"
"GSE53625","Esophageal Cancer","DFS","not stated","not stated","not stated","Unknown","Unknown","Unknown","Unknown","not stated","Absent","data/dataset_info.csv","no DFS endpoint annotated for this cohort (EP_DFS is NA in the catalog)"
"GSE53625","Esophageal Cancer","PFS","not stated","not stated","not stated","Unknown","Unknown","Unknown","Unknown","not stated","Absent","data/dataset_info.csv","no PFS endpoint annotated for this cohort (EP_PFS is NA in the catalog)"
"GSE53625","Esophageal Cancer","MFS","not stated","not stated","not stated","Unknown","Unknown","Unknown","Unknown","not stated","Absent","data/dataset_info.csv","no MFS endpoint annotated for this cohort (EP_MFS is NA in the catalog)"
"GSE102238","Pancreatic Cancer","OS","OS","primary","survival status(alive=0,dead=1) + survival time(day)","alive=0,dead=1","Unknown","Unknown","Unknown","no","Exact-equivalent","data/dataset_info.csv; data/processed/surv/GSE102238_surv.rds (columns OS_status, OS_time); pipeline/R/03_surv_table.R","source time unit: day (converted to years)"
"GSE102238","Pancreatic Cancer","DSS","not stated","not stated","not stated","Unknown","Unknown","Unknown","Unknown","not stated","Absent","data/dataset_info.csv","no DSS endpoint annotated for this cohort (EP_DSS is NA in the catalog)"
"GSE102238","Pancreatic Cancer","DFS","not stated","not stated","not stated","Unknown","Unknown","Unknown","Unknown","not stated","Absent","data/dataset_info.csv","no DFS endpoint annotated for this cohort (EP_DFS is NA in the catalog)"
"GSE102238","Pancreatic Cancer","PFS","not stated","not stated","not stated","Unknown","Unknown","Unknown","Unknown","not stated","Absent","data/dataset_info.csv","no PFS endpoint annotated for this cohort (EP_PFS is NA in the catalog)"
"GSE102238","Pancreatic Cancer","MFS","not stated","not stated","not stated","Unknown","Unknown","Unknown","Unknown","not stated","Absent","data/dataset_info.csv","no MFS endpoint annotated for this cohort (EP_MFS is NA in the catalog)"
"GSE108474","Glioma Cancer","OS","OS","primary","OS_status + OS_time","Unknown","Unknown","Unknown","Unknown","no","Exact-equivalent","data/dataset_info.csv; data/processed/surv/GSE108474_surv.rds (columns OS_status, OS_time)",""
"GSE108474","Glioma Cancer","DSS","not stated","not stated","not stated","Unknown","Unknown","Unknown","Unknown","not stated","Absent","data/dataset_info.csv","no DSS endpoint annotated for this cohort (EP_DSS is NA in the catalog)"
"GSE108474","Glioma Cancer","DFS","not stated","not stated","not stated","Unknown","Unknown","Unknown","Unknown","not stated","Absent","data/dataset_info.csv","no DFS endpoint annotated for this cohort (EP_DFS is NA in the catalog)"
"GSE108474","Glioma Cancer","PFS","not stated","not stated","not stated","Unknown","Unknown","Unknown","Unknown","not stated","Absent","data/dataset_info.csv","no PFS endpoint annotated for this cohort (EP_PFS is NA in the catalog)"
"GSE108474","Glioma Cancer","MFS","not stated","not stated","not stated","Unknown","Unknown","Unknown","Unknown","not stated","Absent","data/dataset_info.csv","no MFS endpoint annotated for this cohort (EP_MFS is NA in the catalog)"
"GSE65858","Head and Neck Cancer","OS","not stated","not stated","not stated","Unknown","Unknown","Unknown","Unknown","not stated","Absent","data/dataset_info.csv","no OS endpoint annotated for this cohort (EP_OS is NA in the catalog)"
"GSE65858","Head and Neck Cancer","DSS","not stated","not stated","not stated","Unknown","Unknown","Unknown","Unknown","not stated","Absent","data/dataset_info.csv","no DSS endpoint annotated for this cohort (EP_DSS is NA in the catalog)"
"GSE65858","Head and Neck Cancer","DFS","not stated","not stated","not stated","Unknown","Unknown","Unknown","Unknown","not stated","Absent","data/dataset_info.csv","no DFS endpoint annotated for this cohort (EP_DFS is NA in the catalog)"
"GSE65858","Head and Neck Cancer","PFS","PFS","primary","pfs_event + pfs","Unknown","Unknown","Unknown","Unknown","no","Exact-equivalent","data/dataset_info.csv; data/processed/surv/GSE65858_surv.rds (columns PFS_status, PFS_time); pipeline/R/03_surv_table.R","source time unit: day (converted to years)"
"GSE65858","Head and Neck Cancer","MFS","not stated","not stated","not stated","Unknown","Unknown","Unknown","Unknown","not stated","Absent","data/dataset_info.csv","no MFS endpoint annotated for this cohort (EP_MFS is NA in the catalog)"
"GSE117973","Head and Neck Cancer","OS","not stated","not stated","not stated","Unknown","Unknown","Unknown","Unknown","not stated","Absent","data/dataset_info.csv","no OS endpoint annotated for this cohort (EP_OS is NA in the catalog)"
"GSE117973","Head and Neck Cancer","DSS","not stated","not stated","not stated","Unknown","Unknown","Unknown","Unknown","not stated","Absent","data/dataset_info.csv","no DSS endpoint annotated for this cohort (EP_DSS is NA in the catalog)"
"GSE117973","Head and Neck Cancer","DFS","not stated","not stated","not stated","Unknown","Unknown","Unknown","Unknown","not stated","Absent","data/dataset_info.csv","no DFS endpoint annotated for this cohort (EP_DFS is NA in the catalog)"
"GSE117973","Head and Neck Cancer","PFS","PFS","primary","pfs event + pfs months","Unknown","Unknown","Unknown","Unknown","no","Exact-equivalent","data/dataset_info.csv; data/processed/surv/GSE117973_surv.rds (columns PFS_status, PFS_time); pipeline/R/03_surv_table.R","source time unit: month (converted to years)"
"GSE117973","Head and Neck Cancer","MFS","not stated","not stated","not stated","Unknown","Unknown","Unknown","Unknown","not stated","Absent","data/dataset_info.csv","no MFS endpoint annotated for this cohort (EP_MFS is NA in the catalog)"
"GSE27020","Head and Neck Cancer","OS","not stated","not stated","not stated","Unknown","Unknown","Unknown","Unknown","not stated","Absent","data/dataset_info.csv","no OS endpoint annotated for this cohort (EP_OS is NA in the catalog)"
"GSE27020","Head and Neck Cancer","DSS","not stated","not stated","not stated","Unknown","Unknown","Unknown","Unknown","not stated","Absent","data/dataset_info.csv","no DSS endpoint annotated for this cohort (EP_DSS is NA in the catalog)"
"GSE27020","Head and Neck Cancer","DFS","DFS","primary","dfs status (1 = recurred) + dfs (months)","1 = recurred","Unknown","Unknown","Unknown","no","Exact-equivalent","data/dataset_info.csv; data/processed/surv/GSE27020_surv.rds (columns DFS_status, DFS_time); pipeline/R/03_surv_table.R","source time unit: month (converted to years)"
"GSE27020","Head and Neck Cancer","PFS","not stated","not stated","not stated","Unknown","Unknown","Unknown","Unknown","not stated","Absent","data/dataset_info.csv","no PFS endpoint annotated for this cohort (EP_PFS is NA in the catalog)"
"GSE27020","Head and Neck Cancer","MFS","not stated","not stated","not stated","Unknown","Unknown","Unknown","Unknown","not stated","Absent","data/dataset_info.csv","no MFS endpoint annotated for this cohort (EP_MFS is NA in the catalog)"
"GSE159067","Head and Neck Cancer","OS","not stated","not stated","not stated","Unknown","Unknown","Unknown","Unknown","not stated","Absent","data/dataset_info.csv","no OS endpoint annotated for this cohort (EP_OS is NA in the catalog)"
"GSE159067","Head and Neck Cancer","DSS","not stated","not stated","not stated","Unknown","Unknown","Unknown","Unknown","not stated","Absent","data/dataset_info.csv","no DSS endpoint annotated for this cohort (EP_DSS is NA in the catalog)"
"GSE159067","Head and Neck Cancer","DFS","not stated","not stated","not stated","Unknown","Unknown","Unknown","Unknown","not stated","Absent","data/dataset_info.csv","no DFS endpoint annotated for this cohort (EP_DFS is NA in the catalog)"
"GSE159067","Head and Neck Cancer","PFS","PFS","primary","pfs (event) + pfs (month)","event","Unknown","Unknown","Unknown","no","Exact-equivalent","data/dataset_info.csv; data/processed/surv/GSE159067_surv.rds (columns PFS_status, PFS_time); pipeline/R/03_surv_table.R","source time unit: month (converted to years)"
"GSE159067","Head and Neck Cancer","MFS","not stated","not stated","not stated","Unknown","Unknown","Unknown","Unknown","not stated","Absent","data/dataset_info.csv","no MFS endpoint annotated for this cohort (EP_MFS is NA in the catalog)"
"GSE65904","Melanoma","OS","not stated","not stated","not stated","Unknown","Unknown","Unknown","Unknown","not stated","Absent","data/dataset_info.csv","no OS endpoint annotated for this cohort (EP_OS is NA in the catalog)"
"GSE65904","Melanoma","DSS","DSS","primary","disease specific survival (1=death, 0=alive) + disease specific survival in days","1=death, 0=alive","Unknown","Unknown","Unknown","no","Exact-equivalent","data/dataset_info.csv; data/processed/surv/GSE65904_surv.rds (columns DSS_status, DSS_time); pipeline/R/03_surv_table.R","source time unit: day (converted to years)"
"GSE65904","Melanoma","DFS","not stated","not stated","not stated","Unknown","Unknown","Unknown","Unknown","not stated","Absent","data/dataset_info.csv","no DFS endpoint annotated for this cohort (EP_DFS is NA in the catalog)"
"GSE65904","Melanoma","PFS","not stated","not stated","not stated","Unknown","Unknown","Unknown","Unknown","not stated","Absent","data/dataset_info.csv","no PFS endpoint annotated for this cohort (EP_PFS is NA in the catalog)"
"GSE65904","Melanoma","MFS","not stated","not stated","not stated","Unknown","Unknown","Unknown","Unknown","not stated","Absent","data/dataset_info.csv","no MFS endpoint annotated for this cohort (EP_MFS is NA in the catalog)"
"GSE198430","Melanoma","OS","OS","primary","dead or alive at last contact + os","Unknown","Unknown","Unknown","Unknown","no","Exact-equivalent","data/dataset_info.csv; data/processed/surv/GSE198430_surv.rds (columns OS_status, OS_time); pipeline/R/03_surv_table.R","source time unit: month (converted to years)"
"GSE198430","Melanoma","DSS","not stated","not stated","not stated","Unknown","Unknown","Unknown","Unknown","not stated","Absent","data/dataset_info.csv","no DSS endpoint annotated for this cohort (EP_DSS is NA in the catalog)"
"GSE198430","Melanoma","DFS","not stated","not stated","not stated","Unknown","Unknown","Unknown","Unknown","not stated","Absent","data/dataset_info.csv","no DFS endpoint annotated for this cohort (EP_DFS is NA in the catalog)"
"GSE198430","Melanoma","PFS","not stated","not stated","not stated","Unknown","Unknown","Unknown","Unknown","not stated","Absent","data/dataset_info.csv","no PFS endpoint annotated for this cohort (EP_PFS is NA in the catalog)"
"GSE198430","Melanoma","MFS","not stated","not stated","not stated","Unknown","Unknown","Unknown","Unknown","not stated","Absent","data/dataset_info.csv","no MFS endpoint annotated for this cohort (EP_MFS is NA in the catalog)"
"GSE198431","Melanoma","OS","OS","primary","dead or alive at last contact + os","Unknown","Unknown","Unknown","Unknown","no","Exact-equivalent","data/dataset_info.csv; data/processed/surv/GSE198431_surv.rds (columns OS_status, OS_time); pipeline/R/03_surv_table.R","source time unit: month (converted to years)"
"GSE198431","Melanoma","DSS","not stated","not stated","not stated","Unknown","Unknown","Unknown","Unknown","not stated","Absent","data/dataset_info.csv","no DSS endpoint annotated for this cohort (EP_DSS is NA in the catalog)"
"GSE198431","Melanoma","DFS","not stated","not stated","not stated","Unknown","Unknown","Unknown","Unknown","not stated","Absent","data/dataset_info.csv","no DFS endpoint annotated for this cohort (EP_DFS is NA in the catalog)"
"GSE198431","Melanoma","PFS","not stated","not stated","not stated","Unknown","Unknown","Unknown","Unknown","not stated","Absent","data/dataset_info.csv","no PFS endpoint annotated for this cohort (EP_PFS is NA in the catalog)"
"GSE198431","Melanoma","MFS","not stated","not stated","not stated","Unknown","Unknown","Unknown","Unknown","not stated","Absent","data/dataset_info.csv","no MFS endpoint annotated for this cohort (EP_MFS is NA in the catalog)"
"GSE22153","Melanoma","OS","OS","primary","event (0=alive, 1=dead) + os (days)","0=alive, 1=dead","Unknown","Unknown","Unknown","no","Exact-equivalent","data/dataset_info.csv; data/processed/surv/GSE22153_surv.rds (columns OS_status, OS_time); pipeline/R/03_surv_table.R","source time unit: day (converted to years)"
"GSE22153","Melanoma","DSS","not stated","not stated","not stated","Unknown","Unknown","Unknown","Unknown","not stated","Absent","data/dataset_info.csv","no DSS endpoint annotated for this cohort (EP_DSS is NA in the catalog)"
"GSE22153","Melanoma","DFS","not stated","not stated","not stated","Unknown","Unknown","Unknown","Unknown","not stated","Absent","data/dataset_info.csv","no DFS endpoint annotated for this cohort (EP_DFS is NA in the catalog)"
"GSE22153","Melanoma","PFS","not stated","not stated","not stated","Unknown","Unknown","Unknown","Unknown","not stated","Absent","data/dataset_info.csv","no PFS endpoint annotated for this cohort (EP_PFS is NA in the catalog)"
"GSE22153","Melanoma","MFS","not stated","not stated","not stated","Unknown","Unknown","Unknown","Unknown","not stated","Absent","data/dataset_info.csv","no MFS endpoint annotated for this cohort (EP_MFS is NA in the catalog)"
"GSE325123","Melanoma","OS","OS","primary","vital_status + overall_survival_years","Unknown","Unknown","Unknown","Unknown","no","Exact-equivalent","data/dataset_info.csv; data/processed/surv/GSE325123_surv.rds (columns OS_status, OS_time); pipeline/R/03_surv_table.R","source time unit: year (converted to years)"
"GSE325123","Melanoma","DSS","not stated","not stated","not stated","Unknown","Unknown","Unknown","Unknown","not stated","Absent","data/dataset_info.csv","no DSS endpoint annotated for this cohort (EP_DSS is NA in the catalog)"
"GSE325123","Melanoma","DFS","not stated","not stated","not stated","Unknown","Unknown","Unknown","Unknown","not stated","Absent","data/dataset_info.csv","no DFS endpoint annotated for this cohort (EP_DFS is NA in the catalog)"
"GSE325123","Melanoma","PFS","not stated","not stated","not stated","Unknown","Unknown","Unknown","Unknown","not stated","Absent","data/dataset_info.csv","no PFS endpoint annotated for this cohort (EP_PFS is NA in the catalog)"
"GSE325123","Melanoma","MFS","not stated","not stated","not stated","Unknown","Unknown","Unknown","Unknown","not stated","Absent","data/dataset_info.csv","no MFS endpoint annotated for this cohort (EP_MFS is NA in the catalog)"
"GSE71118","Sarcoma","OS","not stated","not stated","not stated","Unknown","Unknown","Unknown","Unknown","not stated","Absent","data/dataset_info.csv","no OS endpoint annotated for this cohort (EP_OS is NA in the catalog)"
"GSE71118","Sarcoma","DSS","not stated","not stated","not stated","Unknown","Unknown","Unknown","Unknown","not stated","Absent","data/dataset_info.csv","no DSS endpoint annotated for this cohort (EP_DSS is NA in the catalog)"
"GSE71118","Sarcoma","DFS","not stated","not stated","not stated","Unknown","Unknown","Unknown","Unknown","not stated","Absent","data/dataset_info.csv","no DFS endpoint annotated for this cohort (EP_DFS is NA in the catalog)"
"GSE71118","Sarcoma","PFS","not stated","not stated","not stated","Unknown","Unknown","Unknown","Unknown","not stated","Absent","data/dataset_info.csv","no PFS endpoint annotated for this cohort (EP_PFS is NA in the catalog)"
"GSE71118","Sarcoma","MFS","MFS","primary","metastasis + time","Unknown","Unknown","Unknown","Unknown","no","Exact-equivalent","data/dataset_info.csv; data/processed/surv/GSE71118_surv.rds (columns MFS_status, MFS_time); pipeline/R/03_surv_table.R","source time unit: year (converted to years)"
"GSE30929","Sarcoma","OS","not stated","not stated","not stated","Unknown","Unknown","Unknown","Unknown","not stated","Absent","data/dataset_info.csv","no OS endpoint annotated for this cohort (EP_OS is NA in the catalog)"
"GSE30929","Sarcoma","DSS","not stated","not stated","not stated","Unknown","Unknown","Unknown","Unknown","not stated","Absent","data/dataset_info.csv","no DSS endpoint annotated for this cohort (EP_DSS is NA in the catalog)"
"GSE30929","Sarcoma","DFS","not stated","not stated","not stated","Unknown","Unknown","Unknown","Unknown","not stated","Absent","data/dataset_info.csv","no DFS endpoint annotated for this cohort (EP_DFS is NA in the catalog)"
"GSE30929","Sarcoma","PFS","not stated","not stated","not stated","Unknown","Unknown","Unknown","Unknown","not stated","Absent","data/dataset_info.csv","no PFS endpoint annotated for this cohort (EP_PFS is NA in the catalog)"
"GSE30929","Sarcoma","MFS","MFS","primary","drfs + tt.drfs","Unknown","Unknown","Unknown","Unknown","no","Exact-equivalent","data/dataset_info.csv; data/processed/surv/GSE30929_surv.rds (columns MFS_status, MFS_time); pipeline/R/03_surv_table.R","source time unit: month (converted to years)"
"GSE271517","Sarcoma","OS","OS","primary","overal survival + overall survival_time_(days)","Unknown","Unknown","Unknown","Unknown","no","Exact-equivalent","data/dataset_info.csv; data/processed/surv/GSE271517_surv.rds (columns OS_status, OS_time); pipeline/R/03_surv_table.R","source time unit: day (converted to years)"
"GSE271517","Sarcoma","DSS","not stated","not stated","not stated","Unknown","Unknown","Unknown","Unknown","not stated","Absent","data/dataset_info.csv","no DSS endpoint annotated for this cohort (EP_DSS is NA in the catalog)"
"GSE271517","Sarcoma","DFS","not stated","not stated","not stated","Unknown","Unknown","Unknown","Unknown","not stated","Absent","data/dataset_info.csv","no DFS endpoint annotated for this cohort (EP_DFS is NA in the catalog)"
"GSE271517","Sarcoma","PFS","not stated","not stated","not stated","Unknown","Unknown","Unknown","Unknown","not stated","Absent","data/dataset_info.csv","no PFS endpoint annotated for this cohort (EP_PFS is NA in the catalog)"
"GSE271517","Sarcoma","MFS","not stated","not stated","not stated","Unknown","Unknown","Unknown","Unknown","not stated","Absent","data/dataset_info.csv","no MFS endpoint annotated for this cohort (EP_MFS is NA in the catalog)"
"GSE31312","Lymphoma","OS","OS","primary","pdf_os_censor + pdf_os_months","Unknown","Unknown","source field `pdf_os_censor` is inverted: 1 = censored, 0 = event","Unknown","no","Exact-equivalent","data/dataset_info.csv; data/processed/surv/GSE31312_surv.rds (columns OS_status, OS_time); pipeline/R/03_surv_table.R","source time unit: month (converted to years)"
"GSE31312","Lymphoma","DSS","not stated","not stated","not stated","Unknown","Unknown","Unknown","Unknown","not stated","Absent","data/dataset_info.csv","no DSS endpoint annotated for this cohort (EP_DSS is NA in the catalog)"
"GSE31312","Lymphoma","DFS","not stated","not stated","not stated","Unknown","Unknown","Unknown","Unknown","not stated","Absent","data/dataset_info.csv","no DFS endpoint annotated for this cohort (EP_DFS is NA in the catalog)"
"GSE31312","Lymphoma","PFS","PFS","contributing","pdf_pfs_censor + pdf_pfs_months","Unknown","Unknown","source field `pdf_pfs_censor` is inverted: 1 = censored, 0 = event","Unknown","no","Exact-equivalent","data/dataset_info.csv; data/processed/surv/GSE31312_surv.rds (columns PFS_status, PFS_time); pipeline/R/03_surv_table.R","source time unit: month (converted to years)"
"GSE31312","Lymphoma","MFS","not stated","not stated","not stated","Unknown","Unknown","Unknown","Unknown","not stated","Absent","data/dataset_info.csv","no MFS endpoint annotated for this cohort (EP_MFS is NA in the catalog)"
"GSE32918","Lymphoma","OS","OS","primary","follow-up status + follow-up years","Unknown","Unknown","Unknown","Unknown","no","Exact-equivalent","data/dataset_info.csv; data/processed/surv/GSE32918_surv.rds (columns OS_status, OS_time); pipeline/R/03_surv_table.R","source time unit: year (converted to years)"
"GSE32918","Lymphoma","DSS","not stated","not stated","not stated","Unknown","Unknown","Unknown","Unknown","not stated","Absent","data/dataset_info.csv","no DSS endpoint annotated for this cohort (EP_DSS is NA in the catalog)"
"GSE32918","Lymphoma","DFS","not stated","not stated","not stated","Unknown","Unknown","Unknown","Unknown","not stated","Absent","data/dataset_info.csv","no DFS endpoint annotated for this cohort (EP_DFS is NA in the catalog)"
"GSE32918","Lymphoma","PFS","not stated","not stated","not stated","Unknown","Unknown","Unknown","Unknown","not stated","Absent","data/dataset_info.csv","no PFS endpoint annotated for this cohort (EP_PFS is NA in the catalog)"
"GSE32918","Lymphoma","MFS","not stated","not stated","not stated","Unknown","Unknown","Unknown","Unknown","not stated","Absent","data/dataset_info.csv","no MFS endpoint annotated for this cohort (EP_MFS is NA in the catalog)"
"GSE23501","Lymphoma","OS","OS","primary","code_os + overall_survival (years)","Unknown","Unknown","Unknown","Unknown","no","Exact-equivalent","data/dataset_info.csv; data/processed/surv/GSE23501_surv.rds (columns OS_status, OS_time); pipeline/R/03_surv_table.R","source time unit: year (converted to years)"
"GSE23501","Lymphoma","DSS","not stated","not stated","not stated","Unknown","Unknown","Unknown","Unknown","not stated","Absent","data/dataset_info.csv","no DSS endpoint annotated for this cohort (EP_DSS is NA in the catalog)"
"GSE23501","Lymphoma","DFS","not stated","not stated","not stated","Unknown","Unknown","Unknown","Unknown","not stated","Absent","data/dataset_info.csv","no DFS endpoint annotated for this cohort (EP_DFS is NA in the catalog)"
"GSE23501","Lymphoma","PFS","not stated","not stated","not stated","Unknown","Unknown","Unknown","Unknown","not stated","Absent","data/dataset_info.csv","no PFS endpoint annotated for this cohort (EP_PFS is NA in the catalog)"
"GSE23501","Lymphoma","MFS","not stated","not stated","not stated","Unknown","Unknown","Unknown","Unknown","not stated","Absent","data/dataset_info.csv","no MFS endpoint annotated for this cohort (EP_MFS is NA in the catalog)"
"GSE248835","Lymphoma","OS","not stated","not stated","not stated","Unknown","Unknown","Unknown","Unknown","not stated","Absent","data/dataset_info.csv","no OS endpoint annotated for this cohort (EP_OS is NA in the catalog)"
"GSE248835","Lymphoma","DSS","not stated","not stated","not stated","Unknown","Unknown","Unknown","Unknown","not stated","Absent","data/dataset_info.csv","no DSS endpoint annotated for this cohort (EP_DSS is NA in the catalog)"
"GSE248835","Lymphoma","DFS","DFS","primary","event.free.survival.event + event.free.survival.months","Unknown","Unknown","Unknown","Unknown","no","Exact-equivalent","data/dataset_info.csv; data/processed/surv/GSE248835_surv.rds (columns DFS_status, DFS_time); pipeline/R/03_surv_table.R","source time unit: month (converted to years)"
"GSE248835","Lymphoma","PFS","not stated","not stated","not stated","Unknown","Unknown","Unknown","Unknown","not stated","Absent","data/dataset_info.csv","no PFS endpoint annotated for this cohort (EP_PFS is NA in the catalog)"
"GSE248835","Lymphoma","MFS","not stated","not stated","not stated","Unknown","Unknown","Unknown","Unknown","not stated","Absent","data/dataset_info.csv","no MFS endpoint annotated for this cohort (EP_MFS is NA in the catalog)"
"GSE22138","Uveal Melanoma","OS","not stated","not stated","not stated","Unknown","Unknown","Unknown","Unknown","not stated","Absent","data/dataset_info.csv","no OS endpoint annotated for this cohort (EP_OS is NA in the catalog)"
"GSE22138","Uveal Melanoma","DSS","not stated","not stated","not stated","Unknown","Unknown","Unknown","Unknown","not stated","Absent","data/dataset_info.csv","no DSS endpoint annotated for this cohort (EP_DSS is NA in the catalog)"
"GSE22138","Uveal Melanoma","DFS","not stated","not stated","not stated","Unknown","Unknown","Unknown","Unknown","not stated","Absent","data/dataset_info.csv","no DFS endpoint annotated for this cohort (EP_DFS is NA in the catalog)"
"GSE22138","Uveal Melanoma","PFS","not stated","not stated","not stated","Unknown","Unknown","Unknown","Unknown","not stated","Absent","data/dataset_info.csv","no PFS endpoint annotated for this cohort (EP_PFS is NA in the catalog)"
"GSE22138","Uveal Melanoma","MFS","MFS","primary","metastasis + months to endpoint","Unknown","Unknown","Unknown","Unknown","no","Exact-equivalent","data/dataset_info.csv; data/processed/surv/GSE22138_surv.rds (columns MFS_status, MFS_time); pipeline/R/03_surv_table.R","source time unit: month (converted to years)"
"GSE183088","Mesothelioma","OS","OS","primary","status + survival (months)","Unknown","Unknown","Unknown","Unknown","no","Exact-equivalent","data/dataset_info.csv; data/processed/surv/GSE183088_surv.rds (columns OS_status, OS_time); pipeline/R/03_surv_table.R","source time unit: month (converted to years)"
"GSE183088","Mesothelioma","DSS","not stated","not stated","not stated","Unknown","Unknown","Unknown","Unknown","not stated","Absent","data/dataset_info.csv","no DSS endpoint annotated for this cohort (EP_DSS is NA in the catalog)"
"GSE183088","Mesothelioma","DFS","not stated","not stated","not stated","Unknown","Unknown","Unknown","Unknown","not stated","Absent","data/dataset_info.csv","no DFS endpoint annotated for this cohort (EP_DFS is NA in the catalog)"
"GSE183088","Mesothelioma","PFS","not stated","not stated","not stated","Unknown","Unknown","Unknown","Unknown","not stated","Absent","data/dataset_info.csv","no PFS endpoint annotated for this cohort (EP_PFS is NA in the catalog)"
"GSE183088","Mesothelioma","MFS","not stated","not stated","not stated","Unknown","Unknown","Unknown","Unknown","not stated","Absent","data/dataset_info.csv","no MFS endpoint annotated for this cohort (EP_MFS is NA in the catalog)"
"GSE162520","Lung Cancer","OS","not stated","not stated","not stated","Unknown","Unknown","Unknown","Unknown","not stated","Absent","data/dataset_info.csv","no OS endpoint annotated for this cohort (EP_OS is NA in the catalog)"
"GSE162520","Lung Cancer","DSS","not stated","not stated","not stated","Unknown","Unknown","Unknown","Unknown","not stated","Absent","data/dataset_info.csv","no DSS endpoint annotated for this cohort (EP_DSS is NA in the catalog)"
"GSE162520","Lung Cancer","DFS","not stated","not stated","not stated","Unknown","Unknown","Unknown","Unknown","not stated","Absent","data/dataset_info.csv","no DFS endpoint annotated for this cohort (EP_DFS is NA in the catalog)"
"GSE162520","Lung Cancer","PFS","PFS","primary","pfs (event) + pfs (month)","event","Unknown","Unknown","Unknown","no","Exact-equivalent","data/dataset_info.csv; data/processed/surv/GSE162520_surv.rds (columns PFS_status, PFS_time); pipeline/R/03_surv_table.R","source time unit: month (converted to years)"
"GSE162520","Lung Cancer","MFS","not stated","not stated","not stated","Unknown","Unknown","Unknown","Unknown","not stated","Absent","data/dataset_info.csv","no MFS endpoint annotated for this cohort (EP_MFS is NA in the catalog)"
"A5-PCPG","Pheochromocytoma","OS","OS","primary","not stated","Unknown","Unknown","Unknown","Unknown","no","Exact-equivalent","data/dataset_info.csv; data/processed/surv/A5-PCPG_surv.rds","token columns OS_status/OS_time not found in the delivered survival table"
"A5-PCPG","Pheochromocytoma","DSS","not stated","not stated","not stated","Unknown","Unknown","Unknown","Unknown","not stated","Absent","data/dataset_info.csv","no DSS endpoint annotated for this cohort (EP_DSS is NA in the catalog)"
"A5-PCPG","Pheochromocytoma","DFS","not stated","not stated","not stated","Unknown","Unknown","Unknown","Unknown","not stated","Absent","data/dataset_info.csv","no DFS endpoint annotated for this cohort (EP_DFS is NA in the catalog)"
"A5-PCPG","Pheochromocytoma","PFS","not stated","not stated","not stated","Unknown","Unknown","Unknown","Unknown","not stated","Absent","data/dataset_info.csv","no PFS endpoint annotated for this cohort (EP_PFS is NA in the catalog)"
"A5-PCPG","Pheochromocytoma","MFS","not stated","not stated","not stated","Unknown","Unknown","Unknown","Unknown","not stated","Absent","data/dataset_info.csv","no MFS endpoint annotated for this cohort (EP_MFS is NA in the catalog)"
"IMmotion150","Kidney Cancer","OS","not stated","not stated","not stated","Unknown","Unknown","Unknown","Unknown","not stated","Absent","data/dataset_info.csv","no OS endpoint annotated for this cohort (EP_OS is NA in the catalog)"
"IMmotion150","Kidney Cancer","DSS","not stated","not stated","not stated","Unknown","Unknown","Unknown","Unknown","not stated","Absent","data/dataset_info.csv","no DSS endpoint annotated for this cohort (EP_DSS is NA in the catalog)"
"IMmotion150","Kidney Cancer","DFS","not stated","not stated","not stated","Unknown","Unknown","Unknown","Unknown","not stated","Absent","data/dataset_info.csv","no DFS endpoint annotated for this cohort (EP_DFS is NA in the catalog)"
"IMmotion150","Kidney Cancer","PFS","PFS","primary","not stated","Unknown","Unknown","Unknown","Unknown","no","Exact-equivalent","data/dataset_info.csv; data/processed/surv/IMmotion150_surv.rds","token columns PFS_status/PFS_time not found in the delivered survival table"
"IMmotion150","Kidney Cancer","MFS","not stated","not stated","not stated","Unknown","Unknown","Unknown","Unknown","not stated","Absent","data/dataset_info.csv","no MFS endpoint annotated for this cohort (EP_MFS is NA in the catalog)"
"GSE3218","Testicular Cancer","OS","OS","primary","not stated","Unknown","Unknown","Unknown","Unknown","no","Exact-equivalent","data/dataset_info.csv; data/processed/surv/GSE3218_surv.rds","token columns OS_status/OS_time not found in the delivered survival table"
"GSE3218","Testicular Cancer","DSS","not stated","not stated","not stated","Unknown","Unknown","Unknown","Unknown","not stated","Absent","data/dataset_info.csv","no DSS endpoint annotated for this cohort (EP_DSS is NA in the catalog)"
"GSE3218","Testicular Cancer","DFS","not stated","not stated","not stated","Unknown","Unknown","Unknown","Unknown","not stated","Absent","data/dataset_info.csv","no DFS endpoint annotated for this cohort (EP_DFS is NA in the catalog)"
"GSE3218","Testicular Cancer","PFS","not stated","not stated","not stated","Unknown","Unknown","Unknown","Unknown","not stated","Absent","data/dataset_info.csv","no PFS endpoint annotated for this cohort (EP_PFS is NA in the catalog)"
"GSE3218","Testicular Cancer","MFS","not stated","not stated","not stated","Unknown","Unknown","Unknown","Unknown","not stated","Absent","data/dataset_info.csv","no MFS endpoint annotated for this cohort (EP_MFS is NA in the catalog)"
"GSE76019","Adrenocortical Cancer","OS","not stated","not stated","not stated","Unknown","Unknown","Unknown","Unknown","not stated","Absent","data/dataset_info.csv","no OS endpoint annotated for this cohort (EP_OS is NA in the catalog)"
"GSE76019","Adrenocortical Cancer","DSS","not stated","not stated","not stated","Unknown","Unknown","Unknown","Unknown","not stated","Absent","data/dataset_info.csv","no DSS endpoint annotated for this cohort (EP_DSS is NA in the catalog)"
"GSE76019","Adrenocortical Cancer","DFS","EFS","primary","not stated","Unknown","Unknown","Unknown","Unknown","no","Clinically-related","data/dataset_info.csv; data/processed/surv/GSE76019_surv.rds","token columns EFS_status/EFS_time not found in the delivered survival table"
"GSE76019","Adrenocortical Cancer","PFS","not stated","not stated","not stated","Unknown","Unknown","Unknown","Unknown","not stated","Absent","data/dataset_info.csv","no PFS endpoint annotated for this cohort (EP_PFS is NA in the catalog)"
"GSE76019","Adrenocortical Cancer","MFS","not stated","not stated","not stated","Unknown","Unknown","Unknown","Unknown","not stated","Absent","data/dataset_info.csv","no MFS endpoint annotated for this cohort (EP_MFS is NA in the catalog)"
"GSE76039","Thyroid Cancer","OS","OS","primary","not stated","Unknown","Unknown","Unknown","Unknown","no","Exact-equivalent","data/dataset_info.csv; data/processed/surv/GSE76039_surv.rds","token columns OS_status/OS_time not found in the delivered survival table"
"GSE76039","Thyroid Cancer","DSS","not stated","not stated","not stated","Unknown","Unknown","Unknown","Unknown","not stated","Absent","data/dataset_info.csv","no DSS endpoint annotated for this cohort (EP_DSS is NA in the catalog)"
"GSE76039","Thyroid Cancer","DFS","not stated","not stated","not stated","Unknown","Unknown","Unknown","Unknown","not stated","Absent","data/dataset_info.csv","no DFS endpoint annotated for this cohort (EP_DFS is NA in the catalog)"
"GSE76039","Thyroid Cancer","PFS","not stated","not stated","not stated","Unknown","Unknown","Unknown","Unknown","not stated","Absent","data/dataset_info.csv","no PFS endpoint annotated for this cohort (EP_PFS is NA in the catalog)"
"GSE76039","Thyroid Cancer","MFS","not stated","not stated","not stated","Unknown","Unknown","Unknown","Unknown","not stated","Absent","data/dataset_info.csv","no MFS endpoint annotated for this cohort (EP_MFS is NA in the catalog)"
"E-MTAB-6134","Pancreatic Cancer","OS","OS","primary","OS_status + OS_time","Unknown","Unknown","Unknown","Unknown","no","Exact-equivalent","data/dataset_info.csv; data/processed/surv/E-MTAB-6134_surv.rds (columns OS_status, OS_time)",""
"E-MTAB-6134","Pancreatic Cancer","DSS","not stated","not stated","not stated","Unknown","Unknown","Unknown","Unknown","not stated","Absent","data/dataset_info.csv","no DSS endpoint annotated for this cohort (EP_DSS is NA in the catalog)"
"E-MTAB-6134","Pancreatic Cancer","DFS","not stated","not stated","not stated","Unknown","Unknown","Unknown","Unknown","not stated","Absent","data/dataset_info.csv","no DFS endpoint annotated for this cohort (EP_DFS is NA in the catalog)"
"E-MTAB-6134","Pancreatic Cancer","PFS","not stated","not stated","not stated","Unknown","Unknown","Unknown","Unknown","not stated","Absent","data/dataset_info.csv","no PFS endpoint annotated for this cohort (EP_PFS is NA in the catalog)"
"E-MTAB-6134","Pancreatic Cancer","MFS","not stated","not stated","not stated","Unknown","Unknown","Unknown","Unknown","not stated","Absent","data/dataset_info.csv","no MFS endpoint annotated for this cohort (EP_MFS is NA in the catalog)"
"E-MTAB-4032","Multiple Myeloma","OS","OS","primary","OS_status + OS_time","Unknown","Unknown","Unknown","Unknown","no","Exact-equivalent","data/dataset_info.csv; data/processed/surv/E-MTAB-4032_surv.rds (columns OS_status, OS_time)",""
"E-MTAB-4032","Multiple Myeloma","DSS","not stated","not stated","not stated","Unknown","Unknown","Unknown","Unknown","not stated","Absent","data/dataset_info.csv","no DSS endpoint annotated for this cohort (EP_DSS is NA in the catalog)"
"E-MTAB-4032","Multiple Myeloma","DFS","not stated","not stated","not stated","Unknown","Unknown","Unknown","Unknown","not stated","Absent","data/dataset_info.csv","no DFS endpoint annotated for this cohort (EP_DFS is NA in the catalog)"
"E-MTAB-4032","Multiple Myeloma","PFS","not stated","not stated","not stated","Unknown","Unknown","Unknown","Unknown","not stated","Absent","data/dataset_info.csv","no PFS endpoint annotated for this cohort (EP_PFS is NA in the catalog)"
"E-MTAB-4032","Multiple Myeloma","MFS","not stated","not stated","not stated","Unknown","Unknown","Unknown","Unknown","not stated","Absent","data/dataset_info.csv","no MFS endpoint annotated for this cohort (EP_MFS is NA in the catalog)"
"E-MTAB-4321","Bladder Cancer","OS","not stated","not stated","not stated","Unknown","Unknown","Unknown","Unknown","not stated","Absent","data/dataset_info.csv","no OS endpoint annotated for this cohort (EP_OS is NA in the catalog)"
"E-MTAB-4321","Bladder Cancer","DSS","not stated","not stated","not stated","Unknown","Unknown","Unknown","Unknown","not stated","Absent","data/dataset_info.csv","no DSS endpoint annotated for this cohort (EP_DSS is NA in the catalog)"
"E-MTAB-4321","Bladder Cancer","DFS","not stated","not stated","not stated","Unknown","Unknown","Unknown","Unknown","not stated","Absent","data/dataset_info.csv","no DFS endpoint annotated for this cohort (EP_DFS is NA in the catalog)"
"E-MTAB-4321","Bladder Cancer","PFS","PFS","primary","PFS_status + PFS_time","Unknown","Unknown","Unknown","Unknown","no","Exact-equivalent","data/dataset_info.csv; data/processed/surv/E-MTAB-4321_surv.rds (columns PFS_status, PFS_time)",""
"E-MTAB-4321","Bladder Cancer","MFS","not stated","not stated","not stated","Unknown","Unknown","Unknown","Unknown","not stated","Absent","data/dataset_info.csv","no MFS endpoint annotated for this cohort (EP_MFS is NA in the catalog)"
"E-MTAB-3892","Glioma Cancer","OS","OS","primary","OS_status + OS_time","Unknown","Unknown","Unknown","Unknown","no","Exact-equivalent","data/dataset_info.csv; data/processed/surv/E-MTAB-3892_surv.rds (columns OS_status, OS_time)",""
"E-MTAB-3892","Glioma Cancer","DSS","not stated","not stated","not stated","Unknown","Unknown","Unknown","Unknown","not stated","Absent","data/dataset_info.csv","no DSS endpoint annotated for this cohort (EP_DSS is NA in the catalog)"
"E-MTAB-3892","Glioma Cancer","DFS","not stated","not stated","not stated","Unknown","Unknown","Unknown","Unknown","not stated","Absent","data/dataset_info.csv","no DFS endpoint annotated for this cohort (EP_DFS is NA in the catalog)"
"E-MTAB-3892","Glioma Cancer","PFS","not stated","not stated","not stated","Unknown","Unknown","Unknown","Unknown","not stated","Absent","data/dataset_info.csv","no PFS endpoint annotated for this cohort (EP_PFS is NA in the catalog)"
"E-MTAB-3892","Glioma Cancer","MFS","not stated","not stated","not stated","Unknown","Unknown","Unknown","Unknown","not stated","Absent","data/dataset_info.csv","no MFS endpoint annotated for this cohort (EP_MFS is NA in the catalog)"
"E-TABM-1202","Sarcoma","OS","OS","primary","OS_status + OS_time","Unknown","Unknown","Unknown","Unknown","no","Exact-equivalent","data/dataset_info.csv; data/processed/surv/E-TABM-1202_surv.rds (columns OS_status, OS_time)",""
"E-TABM-1202","Sarcoma","DSS","not stated","not stated","not stated","Unknown","Unknown","Unknown","Unknown","not stated","Absent","data/dataset_info.csv","no DSS endpoint annotated for this cohort (EP_DSS is NA in the catalog)"
"E-TABM-1202","Sarcoma","DFS","not stated","not stated","not stated","Unknown","Unknown","Unknown","Unknown","not stated","Absent","data/dataset_info.csv","no DFS endpoint annotated for this cohort (EP_DFS is NA in the catalog)"
"E-TABM-1202","Sarcoma","PFS","not stated","not stated","not stated","Unknown","Unknown","Unknown","Unknown","not stated","Absent","data/dataset_info.csv","no PFS endpoint annotated for this cohort (EP_PFS is NA in the catalog)"
"E-TABM-1202","Sarcoma","MFS","not stated","not stated","not stated","Unknown","Unknown","Unknown","Unknown","not stated","Absent","data/dataset_info.csv","no MFS endpoint annotated for this cohort (EP_MFS is NA in the catalog)"
"E-TABM-346","Lymphoma","OS","OS","primary","OS_status + OS_time","Unknown","Unknown","Unknown","Unknown","no","Exact-equivalent","data/dataset_info.csv; data/processed/surv/E-TABM-346_surv.rds (columns OS_status, OS_time)",""
"E-TABM-346","Lymphoma","DSS","not stated","not stated","not stated","Unknown","Unknown","Unknown","Unknown","not stated","Absent","data/dataset_info.csv","no DSS endpoint annotated for this cohort (EP_DSS is NA in the catalog)"
"E-TABM-346","Lymphoma","DFS","not stated","not stated","not stated","Unknown","Unknown","Unknown","Unknown","not stated","Absent","data/dataset_info.csv","no DFS endpoint annotated for this cohort (EP_DFS is NA in the catalog)"
"E-TABM-346","Lymphoma","PFS","not stated","not stated","not stated","Unknown","Unknown","Unknown","Unknown","not stated","Absent","data/dataset_info.csv","no PFS endpoint annotated for this cohort (EP_PFS is NA in the catalog)"
"E-TABM-346","Lymphoma","MFS","not stated","not stated","not stated","Unknown","Unknown","Unknown","Unknown","not stated","Absent","data/dataset_info.csv","no MFS endpoint annotated for this cohort (EP_MFS is NA in the catalog)"
"E-MTAB-3267","Kidney Cancer","OS","not stated","not stated","not stated","Unknown","Unknown","Unknown","Unknown","not stated","Absent","data/dataset_info.csv","no OS endpoint annotated for this cohort (EP_OS is NA in the catalog)"
"E-MTAB-3267","Kidney Cancer","DSS","not stated","not stated","not stated","Unknown","Unknown","Unknown","Unknown","not stated","Absent","data/dataset_info.csv","no DSS endpoint annotated for this cohort (EP_DSS is NA in the catalog)"
"E-MTAB-3267","Kidney Cancer","DFS","not stated","not stated","not stated","Unknown","Unknown","Unknown","Unknown","not stated","Absent","data/dataset_info.csv","no DFS endpoint annotated for this cohort (EP_DFS is NA in the catalog)"
"E-MTAB-3267","Kidney Cancer","PFS","PFS","primary","PFS_status + PFS_time","Unknown","Unknown","Unknown","Unknown","no","Exact-equivalent","data/dataset_info.csv; data/processed/surv/E-MTAB-3267_surv.rds (columns PFS_status, PFS_time)",""
"E-MTAB-3267","Kidney Cancer","MFS","not stated","not stated","not stated","Unknown","Unknown","Unknown","Unknown","not stated","Absent","data/dataset_info.csv","no MFS endpoint annotated for this cohort (EP_MFS is NA in the catalog)"
"E-MTAB-1205","Leukemia Cancer","OS","not stated","not stated","not stated","Unknown","Unknown","Unknown","Unknown","not stated","Absent","data/dataset_info.csv","no OS endpoint annotated for this cohort (EP_OS is NA in the catalog)"
"E-MTAB-1205","Leukemia Cancer","DSS","not stated","not stated","not stated","Unknown","Unknown","Unknown","Unknown","not stated","Absent","data/dataset_info.csv","no DSS endpoint annotated for this cohort (EP_DSS is NA in the catalog)"
"E-MTAB-1205","Leukemia Cancer","DFS","RFS","primary","RFS_status + RFS_time","Unknown","Unknown","Unknown","Unknown","no","Clinically-related","data/dataset_info.csv; data/processed/surv/E-MTAB-1205_surv.rds (columns RFS_status, RFS_time)",""
"E-MTAB-1205","Leukemia Cancer","PFS","not stated","not stated","not stated","Unknown","Unknown","Unknown","Unknown","not stated","Absent","data/dataset_info.csv","no PFS endpoint annotated for this cohort (EP_PFS is NA in the catalog)"
"E-MTAB-1205","Leukemia Cancer","MFS","not stated","not stated","not stated","Unknown","Unknown","Unknown","Unknown","not stated","Absent","data/dataset_info.csv","no MFS endpoint annotated for this cohort (EP_MFS is NA in the catalog)"
"E-MTAB-3580","Sarcoma","OS","OS","primary","OS_status + OS_time","Unknown","Unknown","Unknown","Unknown","no","Exact-equivalent","data/dataset_info.csv; data/processed/surv/E-MTAB-3580_surv.rds (columns OS_status, OS_time)",""
"E-MTAB-3580","Sarcoma","DSS","not stated","not stated","not stated","Unknown","Unknown","Unknown","Unknown","not stated","Absent","data/dataset_info.csv","no DSS endpoint annotated for this cohort (EP_DSS is NA in the catalog)"
"E-MTAB-3580","Sarcoma","DFS","not stated","not stated","not stated","Unknown","Unknown","Unknown","Unknown","not stated","Absent","data/dataset_info.csv","no DFS endpoint annotated for this cohort (EP_DFS is NA in the catalog)"
"E-MTAB-3580","Sarcoma","PFS","not stated","not stated","not stated","Unknown","Unknown","Unknown","Unknown","not stated","Absent","data/dataset_info.csv","no PFS endpoint annotated for this cohort (EP_PFS is NA in the catalog)"
"E-MTAB-3580","Sarcoma","MFS","not stated","not stated","not stated","Unknown","Unknown","Unknown","Unknown","not stated","Absent","data/dataset_info.csv","no MFS endpoint annotated for this cohort (EP_MFS is NA in the catalog)"
"E-MTAB-1719","Mesothelioma","OS","OS","primary","OS_status + OS_time","Unknown","Unknown","Unknown","Unknown","no","Exact-equivalent","data/dataset_info.csv; data/processed/surv/E-MTAB-1719_surv.rds (columns OS_status, OS_time)",""
"E-MTAB-1719","Mesothelioma","DSS","not stated","not stated","not stated","Unknown","Unknown","Unknown","Unknown","not stated","Absent","data/dataset_info.csv","no DSS endpoint annotated for this cohort (EP_DSS is NA in the catalog)"
"E-MTAB-1719","Mesothelioma","DFS","not stated","not stated","not stated","Unknown","Unknown","Unknown","Unknown","not stated","Absent","data/dataset_info.csv","no DFS endpoint annotated for this cohort (EP_DFS is NA in the catalog)"
"E-MTAB-1719","Mesothelioma","PFS","not stated","not stated","not stated","Unknown","Unknown","Unknown","Unknown","not stated","Absent","data/dataset_info.csv","no PFS endpoint annotated for this cohort (EP_PFS is NA in the catalog)"
"E-MTAB-1719","Mesothelioma","MFS","not stated","not stated","not stated","Unknown","Unknown","Unknown","Unknown","not stated","Absent","data/dataset_info.csv","no MFS endpoint annotated for this cohort (EP_MFS is NA in the catalog)"
"E-MEXP-2780","Pancreatic Cancer","OS","OS","primary","OS_status + OS_time","Unknown","Unknown","Unknown","Unknown","no","Exact-equivalent","data/dataset_info.csv; data/processed/surv/E-MEXP-2780_surv.rds (columns OS_status, OS_time)",""
"E-MEXP-2780","Pancreatic Cancer","DSS","not stated","not stated","not stated","Unknown","Unknown","Unknown","Unknown","not stated","Absent","data/dataset_info.csv","no DSS endpoint annotated for this cohort (EP_DSS is NA in the catalog)"
"E-MEXP-2780","Pancreatic Cancer","DFS","not stated","not stated","not stated","Unknown","Unknown","Unknown","Unknown","not stated","Absent","data/dataset_info.csv","no DFS endpoint annotated for this cohort (EP_DFS is NA in the catalog)"
"E-MEXP-2780","Pancreatic Cancer","PFS","not stated","not stated","not stated","Unknown","Unknown","Unknown","Unknown","not stated","Absent","data/dataset_info.csv","no PFS endpoint annotated for this cohort (EP_PFS is NA in the catalog)"
"E-MEXP-2780","Pancreatic Cancer","MFS","not stated","not stated","not stated","Unknown","Unknown","Unknown","Unknown","not stated","Absent","data/dataset_info.csv","no MFS endpoint annotated for this cohort (EP_MFS is NA in the catalog)"
"E-MTAB-1727","Lung Cancer","OS","OS","primary","OS_status + OS_time","Unknown","Unknown","Unknown","Unknown","no","Exact-equivalent","data/dataset_info.csv; data/processed/surv/E-MTAB-1727_surv.rds (columns OS_status, OS_time)",""
"E-MTAB-1727","Lung Cancer","DSS","not stated","not stated","not stated","Unknown","Unknown","Unknown","Unknown","not stated","Absent","data/dataset_info.csv","no DSS endpoint annotated for this cohort (EP_DSS is NA in the catalog)"
"E-MTAB-1727","Lung Cancer","DFS","not stated","not stated","not stated","Unknown","Unknown","Unknown","Unknown","not stated","Absent","data/dataset_info.csv","no DFS endpoint annotated for this cohort (EP_DFS is NA in the catalog)"
"E-MTAB-1727","Lung Cancer","PFS","not stated","not stated","not stated","Unknown","Unknown","Unknown","Unknown","not stated","Absent","data/dataset_info.csv","no PFS endpoint annotated for this cohort (EP_PFS is NA in the catalog)"
"E-MTAB-1727","Lung Cancer","MFS","not stated","not stated","not stated","Unknown","Unknown","Unknown","Unknown","not stated","Absent","data/dataset_info.csv","no MFS endpoint annotated for this cohort (EP_MFS is NA in the catalog)"
"E-MTAB-6877","Mesothelioma","OS","OS","primary","OS_status + OS_time","Unknown","Unknown","Unknown","Unknown","no","Exact-equivalent","data/dataset_info.csv; data/processed/surv/E-MTAB-6877_surv.rds (columns OS_status, OS_time)",""
"E-MTAB-6877","Mesothelioma","DSS","not stated","not stated","not stated","Unknown","Unknown","Unknown","Unknown","not stated","Absent","data/dataset_info.csv","no DSS endpoint annotated for this cohort (EP_DSS is NA in the catalog)"
"E-MTAB-6877","Mesothelioma","DFS","not stated","not stated","not stated","Unknown","Unknown","Unknown","Unknown","not stated","Absent","data/dataset_info.csv","no DFS endpoint annotated for this cohort (EP_DFS is NA in the catalog)"
"E-MTAB-6877","Mesothelioma","PFS","not stated","not stated","not stated","Unknown","Unknown","Unknown","Unknown","not stated","Absent","data/dataset_info.csv","no PFS endpoint annotated for this cohort (EP_PFS is NA in the catalog)"
"E-MTAB-6877","Mesothelioma","MFS","not stated","not stated","not stated","Unknown","Unknown","Unknown","Unknown","not stated","Absent","data/dataset_info.csv","no MFS endpoint annotated for this cohort (EP_MFS is NA in the catalog)"
"E-MTAB-6389","Liver Cancer","OS","OS","primary","OS_status + OS_time","Unknown","Unknown","Unknown","Unknown","no","Exact-equivalent","data/dataset_info.csv; data/processed/surv/E-MTAB-6389_surv.rds (columns OS_status, OS_time)",""
"E-MTAB-6389","Liver Cancer","DSS","not stated","not stated","not stated","Unknown","Unknown","Unknown","Unknown","not stated","Absent","data/dataset_info.csv","no DSS endpoint annotated for this cohort (EP_DSS is NA in the catalog)"
"E-MTAB-6389","Liver Cancer","DFS","not stated","not stated","not stated","Unknown","Unknown","Unknown","Unknown","not stated","Absent","data/dataset_info.csv","no DFS endpoint annotated for this cohort (EP_DFS is NA in the catalog)"
"E-MTAB-6389","Liver Cancer","PFS","not stated","not stated","not stated","Unknown","Unknown","Unknown","Unknown","not stated","Absent","data/dataset_info.csv","no PFS endpoint annotated for this cohort (EP_PFS is NA in the catalog)"
"E-MTAB-6389","Liver Cancer","MFS","not stated","not stated","not stated","Unknown","Unknown","Unknown","Unknown","not stated","Absent","data/dataset_info.csv","no MFS endpoint annotated for this cohort (EP_MFS is NA in the catalog)"
"GSE1379","Breast Cancer","OS","not stated","not stated","not stated","Unknown","Unknown","Unknown","Unknown","not stated","Absent","data/dataset_info.csv","no OS endpoint annotated for this cohort (EP_OS is NA in the catalog)"
"GSE1379","Breast Cancer","DSS","not stated","not stated","not stated","Unknown","Unknown","Unknown","Unknown","not stated","Absent","data/dataset_info.csv","no DSS endpoint annotated for this cohort (EP_DSS is NA in the catalog)"
"GSE1379","Breast Cancer","DFS","DFS","primary","DFS_status + DFS_time","Unknown","Unknown","Unknown","Unknown","no","Exact-equivalent","data/dataset_info.csv; data/processed/surv/GSE1379_surv.rds (columns DFS_status, DFS_time)",""
"GSE1379","Breast Cancer","PFS","not stated","not stated","not stated","Unknown","Unknown","Unknown","Unknown","not stated","Absent","data/dataset_info.csv","no PFS endpoint annotated for this cohort (EP_PFS is NA in the catalog)"
"GSE1379","Breast Cancer","MFS","not stated","not stated","not stated","Unknown","Unknown","Unknown","Unknown","not stated","Absent","data/dataset_info.csv","no MFS endpoint annotated for this cohort (EP_MFS is NA in the catalog)"
"TCGA-CHOL","Liver Cancer","OS","OS","primary","OS_status + OS_time","Unknown","Unknown","Unknown","Unknown","no","Exact-equivalent","data/dataset_info.csv; data/processed/surv/TCGA-CHOL_surv.rds (columns OS_status, OS_time); data/tcga/tcga_surv.rda (via pipeline/R/35_add_tcga_cohorts.R)","TCGA endpoint table built from data/tcga/tcga_surv.rda; times converted days -> years (/365.25)"
"TCGA-CHOL","Liver Cancer","DSS","DSS","contributing","DSS_status + DSS_time","Unknown","Unknown","Unknown","Unknown","no","Exact-equivalent","data/dataset_info.csv; data/processed/surv/TCGA-CHOL_surv.rds (columns DSS_status, DSS_time); data/tcga/tcga_surv.rda (via pipeline/R/35_add_tcga_cohorts.R)","TCGA endpoint table built from data/tcga/tcga_surv.rda; times converted days -> years (/365.25)"
"TCGA-CHOL","Liver Cancer","DFS","DFI","contributing","DFI_status + DFI_time","Unknown","Unknown","Unknown","Unknown","yes","Clinically-related","data/dataset_info.csv; data/processed/surv/TCGA-CHOL_surv.rds (columns DFI_status, DFI_time); data/tcga/tcga_surv.rda (via pipeline/R/35_add_tcga_cohorts.R)","TCGA endpoint table built from data/tcga/tcga_surv.rda; times converted days -> years (/365.25)"
"TCGA-CHOL","Liver Cancer","PFS","PFI","contributing","PFI_status + PFI_time","Unknown","Unknown","Unknown","Unknown","yes","Clinically-related","data/dataset_info.csv; data/processed/surv/TCGA-CHOL_surv.rds (columns PFI_status, PFI_time); data/tcga/tcga_surv.rda (via pipeline/R/35_add_tcga_cohorts.R)","TCGA endpoint table built from data/tcga/tcga_surv.rda; times converted days -> years (/365.25)"
"TCGA-CHOL","Liver Cancer","MFS","not stated","not stated","not stated","Unknown","Unknown","Unknown","Unknown","not stated","Absent","data/dataset_info.csv","no MFS endpoint annotated for this cohort (EP_MFS is NA in the catalog)"
"TCGA-DLBC","Lymphoma","OS","OS","primary","OS_status + OS_time","Unknown","Unknown","Unknown","Unknown","no","Exact-equivalent","data/dataset_info.csv; data/processed/surv/TCGA-DLBC_surv.rds (columns OS_status, OS_time); data/tcga/tcga_surv.rda (via pipeline/R/35_add_tcga_cohorts.R)","TCGA endpoint table built from data/tcga/tcga_surv.rda; times converted days -> years (/365.25)"
"TCGA-DLBC","Lymphoma","DSS","DSS","contributing","DSS_status + DSS_time","Unknown","Unknown","Unknown","Unknown","no","Exact-equivalent","data/dataset_info.csv; data/processed/surv/TCGA-DLBC_surv.rds (columns DSS_status, DSS_time); data/tcga/tcga_surv.rda (via pipeline/R/35_add_tcga_cohorts.R)","TCGA endpoint table built from data/tcga/tcga_surv.rda; times converted days -> years (/365.25)"
"TCGA-DLBC","Lymphoma","DFS","DFI","contributing","DFI_status + DFI_time","Unknown","Unknown","Unknown","Unknown","yes","Clinically-related","data/dataset_info.csv; data/processed/surv/TCGA-DLBC_surv.rds (columns DFI_status, DFI_time); data/tcga/tcga_surv.rda (via pipeline/R/35_add_tcga_cohorts.R)","TCGA endpoint table built from data/tcga/tcga_surv.rda; times converted days -> years (/365.25)"
"TCGA-DLBC","Lymphoma","PFS","PFI","contributing","PFI_status + PFI_time","Unknown","Unknown","Unknown","Unknown","yes","Clinically-related","data/dataset_info.csv; data/processed/surv/TCGA-DLBC_surv.rds (columns PFI_status, PFI_time); data/tcga/tcga_surv.rda (via pipeline/R/35_add_tcga_cohorts.R)","TCGA endpoint table built from data/tcga/tcga_surv.rda; times converted days -> years (/365.25)"
"TCGA-DLBC","Lymphoma","MFS","not stated","not stated","not stated","Unknown","Unknown","Unknown","Unknown","not stated","Absent","data/dataset_info.csv","no MFS endpoint annotated for this cohort (EP_MFS is NA in the catalog)"
"GSE205209","Endometrial Cancer","OS","OS","primary","OS_status + OS_time","Unknown","Unknown","Unknown","Unknown","no","Exact-equivalent","data/dataset_info.csv; data/processed/surv/GSE205209_surv.rds (columns OS_status, OS_time)",""
"GSE205209","Endometrial Cancer","DSS","not stated","not stated","not stated","Unknown","Unknown","Unknown","Unknown","not stated","Absent","data/dataset_info.csv","no DSS endpoint annotated for this cohort (EP_DSS is NA in the catalog)"
"GSE205209","Endometrial Cancer","DFS","not stated","not stated","not stated","Unknown","Unknown","Unknown","Unknown","not stated","Absent","data/dataset_info.csv","no DFS endpoint annotated for this cohort (EP_DFS is NA in the catalog)"
"GSE205209","Endometrial Cancer","PFS","not stated","not stated","not stated","Unknown","Unknown","Unknown","Unknown","not stated","Absent","data/dataset_info.csv","no PFS endpoint annotated for this cohort (EP_PFS is NA in the catalog)"
"GSE205209","Endometrial Cancer","MFS","not stated","not stated","not stated","Unknown","Unknown","Unknown","Unknown","not stated","Absent","data/dataset_info.csv","no MFS endpoint annotated for this cohort (EP_MFS is NA in the catalog)"
